rule_key,module,bucket,rawDistinctScenarioCount,surfacedDistinctScenarioCount,rawTotalFindingCount,surfacedTotalFindingCount,expectedMatchCount,unexpectedMatchCount,noisyMatchCount,mustNotFindViolationCount,sameSurfaceExtraCount,sameFileDifferentSignalCount,reviewOnlyCount,explainabilityGapCount,rawRegexOnlyCount,surfacedRegexOnlyCount,rawHybridCount,surfacedHybridCount,rawSemanticCount,surfacedSemanticCount,rawAstCount,surfacedAstCount,regexOnlyCount,hybridCount,semanticCount,astCount,rawRegexOnlyOnlyExercised,regexOnlyOnlyExercised,rawScenarios,surfacedScenarios,title,severity,finding_kind,family,language
guardian.1password-secret-key,guardian,expected_positive_exercised,1,1,1,1,1,0,0,0,0,0,0,0,1,1,0,0,0,0,0,0,1,0,0,0,true,true,G-V1-COV-101,G-V1-COV-101,1password Secret Key,CRITICAL,SECRET,1password-secret-key,
guardian.1password-service-account-token,guardian,expected_positive_exercised,1,1,1,1,1,0,0,0,0,0,0,0,1,1,0,0,0,0,0,0,1,0,0,0,true,true,G-V1-COV-101,G-V1-COV-101,1password Service Account Token,HIGH,SECRET,1password-service-account-token,
guardian.adafruit-api-key,guardian,expected_positive_exercised,1,1,1,1,1,0,0,0,0,0,0,0,1,1,0,0,0,0,0,0,1,0,0,0,true,true,G-V1-COV-101,G-V1-COV-101,Adafruit API Key,HIGH,SECRET,adafruit-api-key,
guardian.adobe-client-id,guardian,expected_positive_exercised,1,1,1,1,1,0,0,0,0,0,0,0,1,1,0,0,0,0,0,0,1,0,0,0,true,true,G-V1-COV-101,G-V1-COV-101,Adobe Client ID,HIGH,SECRET,adobe-client-id,
guardian.adobe-client-secret,guardian,expected_positive_exercised,1,1,1,1,1,0,0,0,0,0,0,0,1,1,0,0,0,0,0,0,1,0,0,0,true,true,G-V1-COV-101,G-V1-COV-101,Adobe Client Secret,HIGH,SECRET,adobe-client-secret,
guardian.age-secret-key,guardian,expected_positive_exercised,1,1,1,1,1,0,0,0,0,0,0,0,1,1,0,0,0,0,0,0,1,0,0,0,true,true,G-V1-COV-101,G-V1-COV-101,Age Secret Key,CRITICAL,SECRET,age-secret-key,
guardian.airtable-api-key,guardian,expected_positive_exercised,1,1,1,1,1,0,0,0,0,0,0,0,1,1,0,0,0,0,0,0,1,0,0,0,true,true,G-V1-COV-101,G-V1-COV-101,Airtable API Key,HIGH,SECRET,airtable-api-key,
guardian.airtable-personnal-access-token,guardian,expected_positive_exercised,1,1,1,1,1,0,0,0,0,0,0,0,1,1,0,0,0,0,0,0,1,0,0,0,true,true,G-V1-COV-101,G-V1-COV-101,Airtable Personnal Access Token,HIGH,SECRET,airtable-personnal-access-token,
guardian.algolia-api-key,guardian,expected_positive_exercised,1,1,1,1,1,0,0,0,0,0,0,0,1,1,0,0,0,0,0,0,1,0,0,0,true,true,G-V1-COV-101,G-V1-COV-101,Algolia API Key,HIGH,SECRET,algolia-api-key,
guardian.alibaba-access-key-id,guardian,expected_positive_exercised,1,1,1,1,1,0,0,0,0,0,0,0,1,1,0,0,0,0,0,0,1,0,0,0,true,true,G-V1-COV-101,G-V1-COV-101,Alibaba Access Key ID,HIGH,SECRET,alibaba-access-key-id,
guardian.alibaba-secret-key,guardian,expected_positive_exercised,1,1,1,1,1,0,0,0,0,0,0,0,1,1,0,0,0,0,0,0,1,0,0,0,true,true,G-V1-COV-101,G-V1-COV-101,Alibaba Secret Key,CRITICAL,SECRET,alibaba-secret-key,
guardian.anthropic-admin-api-key,guardian,expected_positive_exercised,1,1,1,1,1,0,0,0,0,0,0,0,1,1,0,0,0,0,0,0,1,0,0,0,true,true,G-V1-COV-101,G-V1-COV-101,Anthropic Admin API Key,HIGH,SECRET,anthropic-admin-api-key,
guardian.anthropic-api-key,guardian,expected_positive_exercised,1,1,1,1,1,0,0,0,0,0,0,0,1,1,0,0,0,0,0,0,1,0,0,0,true,true,G-V1-COV-101,G-V1-COV-101,Anthropic API Key,HIGH,SECRET,anthropic-api-key,
guardian.artifactory-api-key,guardian,expected_positive_exercised,1,1,1,1,1,0,0,0,0,0,0,0,1,1,0,0,0,0,0,0,1,0,0,0,true,true,G-V1-COV-101,G-V1-COV-101,Artifactory API Key,HIGH,SECRET,artifactory-api-key,
guardian.artifactory-reference-token,guardian,expected_positive_exercised,1,1,1,1,1,0,0,0,0,0,0,0,1,1,0,0,0,0,0,0,1,0,0,0,true,true,G-V1-COV-101,G-V1-COV-101,Artifactory Reference Token,HIGH,SECRET,artifactory-reference-token,
guardian.asana-client-id,guardian,expected_positive_exercised,1,1,1,1,1,0,0,0,0,0,0,0,1,1,0,0,0,0,0,0,1,0,0,0,true,true,G-V1-COV-101,G-V1-COV-101,Asana Client ID,HIGH,SECRET,asana-client-id,
guardian.asana-client-secret,guardian,expected_positive_exercised,1,1,1,1,1,0,0,0,0,0,0,0,1,1,0,0,0,0,0,0,1,0,0,0,true,true,G-V1-COV-101,G-V1-COV-101,Asana Client Secret,HIGH,SECRET,asana-client-secret,
guardian.atlassian-api-token,guardian,expected_positive_exercised,1,1,1,1,1,0,0,0,0,0,0,0,1,1,0,0,0,0,0,0,1,0,0,0,true,true,G-V1-COV-101,G-V1-COV-101,Atlassian API Token,HIGH,SECRET,atlassian-api-token,
guardian.authress-service-client-access-key,guardian,expected_positive_exercised,1,1,1,1,1,0,0,0,0,0,0,0,1,1,0,0,0,0,0,0,1,0,0,0,true,true,G-V1-COV-101,G-V1-COV-101,Authress Service Client Access Key,HIGH,SECRET,authress-service-client-access-key,
guardian.aws-access-key,guardian,expected_positive_exercised,1,1,1,1,1,0,0,0,0,0,0,0,1,1,0,0,0,0,0,0,1,0,0,0,true,true,G-V1-COV-112,G-V1-COV-112,AWS Access Key ID,HIGH,SECRET,aws-access-key,
guardian.aws-access-token,guardian,expected_positive_exercised,1,1,1,1,1,0,0,0,0,0,0,0,1,1,0,0,0,0,0,0,1,0,0,0,true,true,G-V1-COV-101,G-V1-COV-101,AWS Access Token,HIGH,SECRET,aws-access-token,
guardian.aws-amazon-bedrock-api-key-long-lived,guardian,expected_positive_exercised,1,1,1,1,1,0,0,0,0,0,0,0,1,1,0,0,0,0,0,0,1,0,0,0,true,true,G-V1-COV-102,G-V1-COV-102,AWS Amazon Bedrock API Key Long Lived,HIGH,SECRET,aws-amazon-bedrock-api-key-long-lived,
guardian.aws-amazon-bedrock-api-key-short-lived,guardian,expected_positive_exercised,1,1,1,1,1,0,0,0,0,0,0,0,1,1,0,0,0,0,0,0,1,0,0,0,true,true,G-V1-COV-102,G-V1-COV-102,AWS Amazon Bedrock API Key Short Lived,HIGH,SECRET,aws-amazon-bedrock-api-key-short-lived,
guardian.aws-secret-key,guardian,expected_positive_exercised,1,1,1,1,1,0,0,0,0,0,0,0,1,1,0,0,0,0,0,0,1,0,0,0,true,true,G-V1-COV-112,G-V1-COV-112,AWS Secret Access Key,HIGH,SECRET,aws-secret-key,
guardian.azure-ad-client-secret,guardian,expected_positive_exercised,1,1,1,1,1,0,0,0,0,0,0,0,1,1,0,0,0,0,0,0,1,0,0,0,true,true,G-V1-COV-102,G-V1-COV-102,Azure Ad Client Secret,HIGH,SECRET,azure-ad-client-secret,
guardian.beamer-api-token,guardian,expected_positive_exercised,1,1,1,1,1,0,0,0,0,0,0,0,1,1,0,0,0,0,0,0,1,0,0,0,true,true,G-V1-COV-102,G-V1-COV-102,Beamer API Token,HIGH,SECRET,beamer-api-token,
guardian.bitbucket-client-id,guardian,expected_positive_exercised,1,1,1,1,1,0,0,0,0,0,0,0,1,1,0,0,0,0,0,0,1,0,0,0,true,true,G-V1-COV-102,G-V1-COV-102,Bitbucket Client ID,HIGH,SECRET,bitbucket-client-id,
guardian.bitbucket-client-secret,guardian,expected_positive_exercised,1,1,1,1,1,0,0,0,0,0,0,0,1,1,0,0,0,0,0,0,1,0,0,0,true,true,G-V1-COV-102,G-V1-COV-102,Bitbucket Client Secret,HIGH,SECRET,bitbucket-client-secret,
guardian.bittrex-access-key,guardian,mixed_exercised,1,1,2,2,1,1,2,0,0,1,0,0,2,2,0,0,0,0,0,0,2,0,0,0,true,true,G-V1-COV-102,G-V1-COV-102,Bittrex Access Key,HIGH,SECRET,bittrex-access-key,
guardian.bittrex-secret-key,guardian,mixed_exercised,1,1,2,2,1,1,2,0,0,1,0,0,2,2,0,0,0,0,0,0,2,0,0,0,true,true,G-V1-COV-102,G-V1-COV-102,Bittrex Secret Key,CRITICAL,SECRET,bittrex-secret-key,
guardian.cisco-meraki-api-key,guardian,expected_positive_exercised,1,1,1,1,1,0,0,0,0,0,0,0,1,1,0,0,0,0,0,0,1,0,0,0,true,true,G-V1-COV-102,G-V1-COV-102,Cisco Meraki API Key,HIGH,SECRET,cisco-meraki-api-key,
guardian.clickhouse-cloud-api-secret-key,guardian,expected_positive_exercised,1,1,1,1,1,0,0,0,0,0,0,0,1,1,0,0,0,0,0,0,1,0,0,0,true,true,G-V1-COV-102,G-V1-COV-102,Clickhouse Cloud API Secret Key,CRITICAL,SECRET,clickhouse-cloud-api-secret-key,
guardian.clojars-api-token,guardian,expected_positive_exercised,1,1,1,1,1,0,0,0,0,0,0,0,1,1,0,0,0,0,0,0,1,0,0,0,true,true,G-V1-COV-102,G-V1-COV-102,Clojars API Token,HIGH,SECRET,clojars-api-token,
guardian.cloudflare-api-key,guardian,expected_positive_exercised,1,1,1,1,1,0,0,0,0,0,0,0,1,1,0,0,0,0,0,0,1,0,0,0,true,true,G-V1-COV-102,G-V1-COV-102,Cloudflare API Key,HIGH,SECRET,cloudflare-api-key,
guardian.cloudflare-global-api-key,guardian,expected_positive_exercised,1,1,1,1,1,0,0,0,0,0,0,0,1,1,0,0,0,0,0,0,1,0,0,0,true,true,G-V1-COV-102,G-V1-COV-102,Cloudflare Global API Key,HIGH,SECRET,cloudflare-global-api-key,
guardian.cloudflare-origin-ca-key,guardian,expected_positive_exercised,1,1,1,1,1,0,0,0,0,0,0,0,1,1,0,0,0,0,0,0,1,0,0,0,true,true,G-V1-COV-102,G-V1-COV-102,Cloudflare Origin Ca Key,HIGH,SECRET,cloudflare-origin-ca-key,
guardian.codecov-access-token,guardian,expected_positive_exercised,1,1,1,1,1,0,0,0,0,0,0,0,1,1,0,0,0,0,0,0,1,0,0,0,true,true,G-V1-COV-102,G-V1-COV-102,Codecov Access Token,HIGH,SECRET,codecov-access-token,
guardian.cohere-api-token,guardian,expected_positive_exercised,1,1,1,1,1,0,0,0,0,0,0,0,1,1,0,0,0,0,0,0,1,0,0,0,true,true,G-V1-COV-102,G-V1-COV-102,Cohere API Token,HIGH,SECRET,cohere-api-token,
guardian.coinbase-access-token,guardian,expected_positive_exercised,1,1,1,1,1,0,0,0,0,0,0,0,1,1,0,0,0,0,0,0,1,0,0,0,true,true,G-V1-COV-102,G-V1-COV-102,Coinbase Access Token,HIGH,SECRET,coinbase-access-token,
guardian.confluent-access-token,guardian,expected_positive_exercised,1,1,1,1,1,0,0,0,0,0,0,0,1,1,0,0,0,0,0,0,1,0,0,0,true,true,G-V1-COV-102,G-V1-COV-102,Confluent Access Token,HIGH,SECRET,confluent-access-token,
guardian.confluent-secret-key,guardian,expected_positive_exercised,1,1,1,1,1,0,0,0,0,0,0,0,1,1,0,0,0,0,0,0,1,0,0,0,true,true,G-V1-COV-102,G-V1-COV-102,Confluent Secret Key,CRITICAL,SECRET,confluent-secret-key,
guardian.contentful-delivery-api-token,guardian,expected_positive_exercised,1,1,1,1,1,0,0,0,0,0,0,0,1,1,0,0,0,0,0,0,1,0,0,0,true,true,G-V1-COV-102,G-V1-COV-102,Contentful Delivery API Token,HIGH,SECRET,contentful-delivery-api-token,
guardian.curl-auth-header,guardian,expected_positive_exercised,1,1,1,1,1,0,0,0,0,0,0,0,1,1,0,0,0,0,0,0,1,0,0,0,true,true,G-V1-COV-103,G-V1-COV-103,Curl Auth Header,HIGH,SECRET,curl-auth-header,
guardian.curl-auth-user,guardian,expected_positive_exercised,1,1,1,1,1,0,0,0,0,0,0,0,1,1,0,0,0,0,0,0,1,0,0,0,true,true,G-V1-COV-103,G-V1-COV-103,Curl Auth User,HIGH,SECRET,curl-auth-user,
guardian.databricks-api-token,guardian,expected_positive_exercised,1,1,1,1,1,0,0,0,0,0,0,0,1,1,0,0,0,0,0,0,1,0,0,0,true,true,G-V1-COV-103,G-V1-COV-103,Databricks API Token,HIGH,SECRET,databricks-api-token,
guardian.datadog-access-token,guardian,expected_positive_exercised,1,1,1,1,1,0,0,0,0,0,0,0,1,1,0,0,0,0,0,0,1,0,0,0,true,true,G-V1-COV-103,G-V1-COV-103,Datadog Access Token,HIGH,SECRET,datadog-access-token,
guardian.defined-networking-api-token,guardian,expected_positive_exercised,1,1,1,1,1,0,0,0,0,0,0,0,1,1,0,0,0,0,0,0,1,0,0,0,true,true,G-V1-COV-103,G-V1-COV-103,Defined Networking API Token,HIGH,SECRET,defined-networking-api-token,
guardian.digitalocean-access-token,guardian,expected_positive_exercised,1,1,1,1,1,0,0,0,0,0,0,0,1,1,0,0,0,0,0,0,1,0,0,0,true,true,G-V1-COV-103,G-V1-COV-103,Digitalocean Access Token,HIGH,SECRET,digitalocean-access-token,
guardian.digitalocean-pat,guardian,expected_positive_exercised,1,1,1,1,1,0,0,0,0,0,0,0,1,1,0,0,0,0,0,0,1,0,0,0,true,true,G-V1-COV-103,G-V1-COV-103,Digitalocean Pat,HIGH,SECRET,digitalocean-pat,
guardian.digitalocean-refresh-token,guardian,expected_positive_exercised,1,1,1,1,1,0,0,0,0,0,0,0,1,1,0,0,0,0,0,0,1,0,0,0,true,true,G-V1-COV-103,G-V1-COV-103,Digitalocean Refresh Token,HIGH,SECRET,digitalocean-refresh-token,
guardian.discord-api-token,guardian,expected_positive_exercised,1,1,1,1,1,0,0,0,0,0,0,0,1,1,0,0,0,0,0,0,1,0,0,0,true,true,G-V1-COV-103,G-V1-COV-103,Discord API Token,HIGH,SECRET,discord-api-token,
guardian.discord-client-id,guardian,expected_positive_exercised,1,1,1,1,1,0,0,0,0,0,0,0,1,1,0,0,0,0,0,0,1,0,0,0,true,true,G-V1-COV-103,G-V1-COV-103,Discord Client ID,HIGH,SECRET,discord-client-id,
guardian.discord-client-secret,guardian,expected_positive_exercised,1,1,1,1,1,0,0,0,0,0,0,0,1,1,0,0,0,0,0,0,1,0,0,0,true,true,G-V1-COV-103,G-V1-COV-103,Discord Client Secret,HIGH,SECRET,discord-client-secret,
guardian.doppler-api-token,guardian,expected_positive_exercised,1,1,1,1,1,0,0,0,0,0,0,0,1,1,0,0,0,0,0,0,1,0,0,0,true,true,G-V1-COV-103,G-V1-COV-103,Doppler API Token,HIGH,SECRET,doppler-api-token,
guardian.droneci-access-token,guardian,expected_positive_exercised,1,1,1,1,1,0,0,0,0,0,0,0,1,1,0,0,0,0,0,0,1,0,0,0,true,true,G-V1-COV-103,G-V1-COV-103,Droneci Access Token,HIGH,SECRET,droneci-access-token,
guardian.dropbox-api-token,guardian,expected_positive_exercised,1,1,1,1,1,0,0,0,0,0,0,0,1,1,0,0,0,0,0,0,1,0,0,0,true,true,G-V1-COV-103,G-V1-COV-103,Dropbox API Token,HIGH,SECRET,dropbox-api-token,
guardian.dropbox-long-lived-api-token,guardian,expected_positive_exercised,1,1,1,1,1,0,0,0,0,0,0,0,1,1,0,0,0,0,0,0,1,0,0,0,true,true,G-V1-COV-103,G-V1-COV-103,Dropbox Long Lived API Token,HIGH,SECRET,dropbox-long-lived-api-token,
guardian.dropbox-short-lived-api-token,guardian,expected_positive_exercised,1,1,1,1,1,0,0,0,0,0,0,0,1,1,0,0,0,0,0,0,1,0,0,0,true,true,G-V1-COV-103,G-V1-COV-103,Dropbox Short Lived API Token,HIGH,SECRET,dropbox-short-lived-api-token,
guardian.duffel-api-token,guardian,expected_positive_exercised,1,1,1,1,1,0,0,0,0,0,0,0,1,1,0,0,0,0,0,0,1,0,0,0,true,true,G-V1-COV-103,G-V1-COV-103,Duffel API Token,HIGH,SECRET,duffel-api-token,
guardian.dynatrace-api-token,guardian,expected_positive_exercised,1,1,1,1,1,0,0,0,0,0,0,0,1,1,0,0,0,0,0,0,1,0,0,0,true,true,G-V1-COV-103,G-V1-COV-103,Dynatrace API Token,HIGH,SECRET,dynatrace-api-token,
guardian.easypost-api-token,guardian,expected_positive_exercised,1,1,1,1,1,0,0,0,0,0,0,0,1,1,0,0,0,0,0,0,1,0,0,0,true,true,G-V1-COV-103,G-V1-COV-103,Easypost API Token,HIGH,SECRET,easypost-api-token,
guardian.easypost-test-api-token,guardian,expected_positive_exercised,1,1,1,1,1,0,0,0,0,0,0,0,1,1,0,0,0,0,0,0,1,0,0,0,true,true,G-V1-COV-103,G-V1-COV-103,Easypost Test API Token,HIGH,SECRET,easypost-test-api-token,
guardian.etsy-access-token,guardian,expected_positive_exercised,1,1,1,1,1,0,0,0,0,0,0,0,1,1,0,0,0,0,0,0,1,0,0,0,true,true,G-V1-COV-104,G-V1-COV-104,Etsy Access Token,HIGH,SECRET,etsy-access-token,
guardian.facebook-access-token,guardian,expected_positive_exercised,1,1,1,1,1,0,0,0,0,0,0,0,1,1,0,0,0,0,0,0,1,0,0,0,true,true,G-V1-COV-104,G-V1-COV-104,Facebook Access Token,HIGH,SECRET,facebook-access-token,
guardian.facebook-page-access-token,guardian,expected_positive_exercised,1,1,1,1,1,0,0,0,0,0,0,0,1,1,0,0,0,0,0,0,1,0,0,0,true,true,G-V1-COV-104,G-V1-COV-104,Facebook Page Access Token,HIGH,SECRET,facebook-page-access-token,
guardian.facebook-secret,guardian,expected_positive_exercised,1,1,1,1,1,0,0,0,0,0,0,0,1,1,0,0,0,0,0,0,1,0,0,0,true,true,G-V1-COV-104,G-V1-COV-104,Facebook Secret,HIGH,SECRET,facebook-secret,
guardian.fastly-api-token,guardian,expected_positive_exercised,1,1,1,1,1,0,0,0,0,0,0,0,1,1,0,0,0,0,0,0,1,0,0,0,true,true,G-V1-COV-104,G-V1-COV-104,Fastly API Token,HIGH,SECRET,fastly-api-token,
guardian.finicity-api-token,guardian,expected_positive_exercised,1,1,1,1,1,0,0,0,0,0,0,0,1,1,0,0,0,0,0,0,1,0,0,0,true,true,G-V1-COV-104,G-V1-COV-104,Finicity API Token,HIGH,SECRET,finicity-api-token,
guardian.finicity-client-secret,guardian,expected_positive_exercised,1,1,1,1,1,0,0,0,0,0,0,0,1,1,0,0,0,0,0,0,1,0,0,0,true,true,G-V1-COV-104,G-V1-COV-104,Finicity Client Secret,HIGH,SECRET,finicity-client-secret,
guardian.finnhub-access-token,guardian,expected_positive_exercised,1,1,1,1,1,0,0,0,0,0,0,0,1,1,0,0,0,0,0,0,1,0,0,0,true,true,G-V1-COV-104,G-V1-COV-104,Finnhub Access Token,HIGH,SECRET,finnhub-access-token,
guardian.flickr-access-token,guardian,expected_positive_exercised,1,1,1,1,1,0,0,0,0,0,0,0,1,1,0,0,0,0,0,0,1,0,0,0,true,true,G-V1-COV-104,G-V1-COV-104,Flickr Access Token,HIGH,SECRET,flickr-access-token,
guardian.flutterwave-encryption-key,guardian,mixed_exercised,1,1,2,2,1,1,2,0,0,1,0,0,2,2,0,0,0,0,0,0,2,0,0,0,true,true,G-V1-COV-104,G-V1-COV-104,Flutterwave Encryption Key,HIGH,SECRET,flutterwave-encryption-key,
guardian.flutterwave-public-key,guardian,expected_positive_exercised,1,1,1,1,1,0,0,0,0,0,0,0,1,1,0,0,0,0,0,0,1,0,0,0,true,true,G-V1-COV-104,G-V1-COV-104,Flutterwave Public Key,HIGH,SECRET,flutterwave-public-key,
guardian.flutterwave-secret-key,guardian,expected_positive_exercised,1,1,1,1,1,0,0,0,0,0,0,0,1,1,0,0,0,0,0,0,1,0,0,0,true,true,G-V1-COV-104,G-V1-COV-104,Flutterwave Secret Key,CRITICAL,SECRET,flutterwave-secret-key,
guardian.flyio-access-token,guardian,expected_positive_exercised,1,1,1,1,1,0,0,0,0,0,0,0,1,1,0,0,0,0,0,0,1,0,0,0,true,true,G-V1-COV-104,G-V1-COV-104,Flyio Access Token,HIGH,SECRET,flyio-access-token,
guardian.frameio-api-token,guardian,expected_positive_exercised,1,1,1,1,1,0,0,0,0,0,0,0,1,1,0,0,0,0,0,0,1,0,0,0,true,true,G-V1-COV-104,G-V1-COV-104,Frameio API Token,HIGH,SECRET,frameio-api-token,
guardian.freemius-secret-key,guardian,expected_positive_exercised,1,1,1,1,1,0,0,0,0,0,0,0,1,1,0,0,0,0,0,0,1,0,0,0,true,true,G-V1-COV-104,G-V1-COV-104,Freemius Secret Key,CRITICAL,SECRET,freemius-secret-key,
guardian.freshbooks-access-token,guardian,expected_positive_exercised,1,1,1,1,1,0,0,0,0,0,0,0,1,1,0,0,0,0,0,0,1,0,0,0,true,true,G-V1-COV-104,G-V1-COV-104,Freshbooks Access Token,HIGH,SECRET,freshbooks-access-token,
guardian.gcp-api-key,guardian,expected_positive_exercised,1,1,1,1,1,0,0,0,0,0,0,0,1,1,0,0,0,0,0,0,1,0,0,0,true,true,G-V1-COV-104,G-V1-COV-104,GCP API Key,HIGH,SECRET,gcp-api-key,
guardian.generic-api-key,guardian,mixed_exercised,31,31,104,104,41,15,22,0,0,7,0,0,104,104,0,0,0,0,0,0,104,0,0,0,true,true,G-V1-CONFIG-004;G-V1-COV-102;G-V1-COV-103;G-V1-COV-104;G-V1-COV-106;G-V1-COV-110;G-V1-JAVA-001;G-V1-PY-002;G-V1-TS-003;G-V2-HIST-001;G-V2-HIST-002;G-V2-HIST-004;G-V2-HIST-005;G-V2-HIST-006;G-V2-HIST-007;G-V2-HIST-009;G-V2-HIST-014;G-V2-HIST-016;G-V2-HIST-017;M-V8-001;M-V8-002;M-V8-003;M-V8-004;M-V8-005;M-V8-006;M-V8-007;M-V8-008;M-V8-009;M-V8-010;M-V8-011;M-V8-012,G-V1-CONFIG-004;G-V1-COV-102;G-V1-COV-103;G-V1-COV-104;G-V1-COV-106;G-V1-COV-110;G-V1-JAVA-001;G-V1-PY-002;G-V1-TS-003;G-V2-HIST-001;G-V2-HIST-002;G-V2-HIST-004;G-V2-HIST-005;G-V2-HIST-006;G-V2-HIST-007;G-V2-HIST-009;G-V2-HIST-014;G-V2-HIST-016;G-V2-HIST-017;M-V8-001;M-V8-002;M-V8-003;M-V8-004;M-V8-005;M-V8-006;M-V8-007;M-V8-008;M-V8-009;M-V8-010;M-V8-011;M-V8-012,Generic API Key,MEDIUM,SECRET,generic-api-key,
guardian.generic-secret,guardian,expected_positive_exercised,1,1,1,1,1,0,0,0,0,0,0,0,1,1,0,0,0,0,0,0,1,0,0,0,true,true,G-V1-COV-112,G-V1-COV-112,Generic API Secret,MEDIUM,SECRET,generic-secret,
guardian.github-app-token,guardian,expected_positive_exercised,1,1,1,1,1,0,0,0,0,0,0,0,1,1,0,0,0,0,0,0,1,0,0,0,true,true,G-V1-COV-104,G-V1-COV-104,Github App Token,HIGH,SECRET,github-app-token,
guardian.github-fine-grained-pat,guardian,expected_positive_exercised,1,1,1,1,1,0,0,0,0,0,0,0,1,1,0,0,0,0,0,0,1,0,0,0,true,true,G-V1-COV-104,G-V1-COV-104,Github Fine Grained Pat,HIGH,SECRET,github-fine-grained-pat,
guardian.github-oauth,guardian,expected_positive_exercised,1,1,1,1,1,0,0,0,0,0,0,0,1,1,0,0,0,0,0,0,1,0,0,0,true,true,G-V1-COV-104,G-V1-COV-104,Github OAUTH,HIGH,SECRET,github-oauth,
guardian.github-pat,guardian,expected_positive_exercised,1,1,1,1,1,0,0,0,0,0,0,0,1,1,0,0,0,0,0,0,1,0,0,0,true,true,G-V1-COV-105,G-V1-COV-105,Github Pat,HIGH,SECRET,github-pat,
guardian.github-refresh-token,guardian,expected_positive_exercised,1,1,1,1,1,0,0,0,0,0,0,0,1,1,0,0,0,0,0,0,1,0,0,0,true,true,G-V1-COV-105,G-V1-COV-105,Github Refresh Token,HIGH,SECRET,github-refresh-token,
guardian.gitlab-cicd-job-token,guardian,expected_positive_exercised,1,1,1,1,1,0,0,0,0,0,0,0,1,1,0,0,0,0,0,0,1,0,0,0,true,true,G-V1-COV-105,G-V1-COV-105,Gitlab Cicd Job Token,HIGH,SECRET,gitlab-cicd-job-token,
guardian.gitlab-deploy-token,guardian,expected_positive_exercised,1,1,1,1,1,0,0,0,0,0,0,0,1,1,0,0,0,0,0,0,1,0,0,0,true,true,G-V1-COV-105,G-V1-COV-105,Gitlab Deploy Token,HIGH,SECRET,gitlab-deploy-token,
guardian.gitlab-feature-flag-client-token,guardian,expected_positive_exercised,1,1,1,1,1,0,0,0,0,0,0,0,1,1,0,0,0,0,0,0,1,0,0,0,true,true,G-V1-COV-105,G-V1-COV-105,Gitlab Feature Flag Client Token,HIGH,SECRET,gitlab-feature-flag-client-token,
guardian.gitlab-feed-token,guardian,expected_positive_exercised,1,1,1,1,1,0,0,0,0,0,0,0,1,1,0,0,0,0,0,0,1,0,0,0,true,true,G-V1-COV-105,G-V1-COV-105,Gitlab Feed Token,HIGH,SECRET,gitlab-feed-token,
guardian.gitlab-incoming-mail-token,guardian,expected_positive_exercised,1,1,1,1,1,0,0,0,0,0,0,0,1,1,0,0,0,0,0,0,1,0,0,0,true,true,G-V1-COV-105,G-V1-COV-105,Gitlab Incoming Mail Token,HIGH,SECRET,gitlab-incoming-mail-token,
guardian.gitlab-kubernetes-agent-token,guardian,expected_positive_exercised,1,1,1,1,1,0,0,0,0,0,0,0,1,1,0,0,0,0,0,0,1,0,0,0,true,true,G-V1-COV-105,G-V1-COV-105,Gitlab Kubernetes Agent Token,HIGH,SECRET,gitlab-kubernetes-agent-token,
guardian.gitlab-oauth-app-secret,guardian,expected_positive_exercised,1,1,1,1,1,0,0,0,0,0,0,0,1,1,0,0,0,0,0,0,1,0,0,0,true,true,G-V1-COV-105,G-V1-COV-105,Gitlab OAUTH App Secret,HIGH,SECRET,gitlab-oauth-app-secret,
guardian.gitlab-pat,guardian,mixed_exercised,1,1,2,2,1,1,2,0,0,1,0,0,2,2,0,0,0,0,0,0,2,0,0,0,true,true,G-V1-COV-105,G-V1-COV-105,Gitlab Pat,HIGH,SECRET,gitlab-pat,
guardian.gitlab-pat-routable,guardian,expected_positive_exercised,1,1,1,1,1,0,0,0,0,0,0,0,1,1,0,0,0,0,0,0,1,0,0,0,true,true,G-V1-COV-105,G-V1-COV-105,Gitlab Pat Routable,HIGH,SECRET,gitlab-pat-routable,
guardian.gitlab-ptt,guardian,expected_positive_exercised,1,1,1,1,1,0,0,0,0,0,0,0,1,1,0,0,0,0,0,0,1,0,0,0,true,true,G-V1-COV-105,G-V1-COV-105,Gitlab Ptt,HIGH,SECRET,gitlab-ptt,
guardian.gitlab-rrt,guardian,expected_positive_exercised,1,1,1,1,1,0,0,0,0,0,0,0,1,1,0,0,0,0,0,0,1,0,0,0,true,true,G-V1-COV-105,G-V1-COV-105,Gitlab Rrt,HIGH,SECRET,gitlab-rrt,
guardian.gitlab-runner-authentication-token,guardian,mixed_exercised,1,1,2,2,1,1,2,0,0,1,0,0,2,2,0,0,0,0,0,0,2,0,0,0,true,true,G-V1-COV-105,G-V1-COV-105,Gitlab Runner Authentication Token,HIGH,SECRET,gitlab-runner-authentication-token,
guardian.gitlab-runner-authentication-token-routable,guardian,expected_positive_exercised,1,1,1,1,1,0,0,0,0,0,0,0,1,1,0,0,0,0,0,0,1,0,0,0,true,true,G-V1-COV-105,G-V1-COV-105,Gitlab Runner Authentication Token Routable,HIGH,SECRET,gitlab-runner-authentication-token-routable,
guardian.gitlab-scim-token,guardian,expected_positive_exercised,1,1,1,1,1,0,0,0,0,0,0,0,1,1,0,0,0,0,0,0,1,0,0,0,true,true,G-V1-COV-105,G-V1-COV-105,Gitlab Scim Token,HIGH,SECRET,gitlab-scim-token,
guardian.gitlab-session-cookie,guardian,expected_positive_exercised,1,1,1,1,1,0,0,0,0,0,0,0,1,1,0,0,0,0,0,0,1,0,0,0,true,true,G-V1-COV-105,G-V1-COV-105,Gitlab Session Cookie,HIGH,SECRET,gitlab-session-cookie,
guardian.gitter-access-token,guardian,expected_positive_exercised,1,1,1,1,1,0,0,0,0,0,0,0,1,1,0,0,0,0,0,0,1,0,0,0,true,true,G-V1-COV-105,G-V1-COV-105,Gitter Access Token,HIGH,SECRET,gitter-access-token,
guardian.gocardless-api-token,guardian,expected_positive_exercised,1,1,1,1,1,0,0,0,0,0,0,0,1,1,0,0,0,0,0,0,1,0,0,0,true,true,G-V1-COV-105,G-V1-COV-105,Gocardless API Token,HIGH,SECRET,gocardless-api-token,
guardian.grafana-api-key,guardian,expected_positive_exercised,1,1,1,1,1,0,0,0,0,0,0,0,1,1,0,0,0,0,0,0,1,0,0,0,true,true,G-V1-COV-105,G-V1-COV-105,Grafana API Key,HIGH,SECRET,grafana-api-key,
guardian.grafana-cloud-api-token,guardian,expected_positive_exercised,1,1,1,1,1,0,0,0,0,0,0,0,1,1,0,0,0,0,0,0,1,0,0,0,true,true,G-V1-COV-106,G-V1-COV-106,Grafana Cloud API Token,HIGH,SECRET,grafana-cloud-api-token,
guardian.grafana-service-account-token,guardian,expected_positive_exercised,1,1,1,1,1,0,0,0,0,0,0,0,1,1,0,0,0,0,0,0,1,0,0,0,true,true,G-V1-COV-106,G-V1-COV-106,Grafana Service Account Token,HIGH,SECRET,grafana-service-account-token,
guardian.harness-api-key,guardian,expected_positive_exercised,1,1,1,1,1,0,0,0,0,0,0,0,1,1,0,0,0,0,0,0,1,0,0,0,true,true,G-V1-COV-106,G-V1-COV-106,Harness API Key,HIGH,SECRET,harness-api-key,
guardian.hashicorp-tf-api-token,guardian,expected_positive_exercised,1,1,1,1,1,0,0,0,0,0,0,0,1,1,0,0,0,0,0,0,1,0,0,0,true,true,G-V1-COV-106,G-V1-COV-106,Hashicorp Tf API Token,HIGH,SECRET,hashicorp-tf-api-token,
guardian.hashicorp-tf-password,guardian,expected_positive_exercised,1,1,1,1,1,0,0,0,0,0,0,0,1,1,0,0,0,0,0,0,1,0,0,0,true,true,G-V1-COV-106,G-V1-COV-106,Hashicorp Tf Password,HIGH,SECRET,hashicorp-tf-password,
guardian.heroku-api-key,guardian,expected_positive_exercised,1,1,1,1,1,0,0,0,0,0,0,0,1,1,0,0,0,0,0,0,1,0,0,0,true,true,G-V1-COV-106,G-V1-COV-106,Heroku API Key,HIGH,SECRET,heroku-api-key,
guardian.heroku-api-key-v2,guardian,expected_positive_exercised,1,1,1,1,1,0,0,0,0,0,0,0,1,1,0,0,0,0,0,0,1,0,0,0,true,true,G-V1-COV-106,G-V1-COV-106,Heroku API Key V2,HIGH,SECRET,heroku-api-key-v2,
guardian.hubspot-api-key,guardian,expected_positive_exercised,1,1,1,1,1,0,0,0,0,0,0,0,1,1,0,0,0,0,0,0,1,0,0,0,true,true,G-V1-COV-106,G-V1-COV-106,Hubspot API Key,HIGH,SECRET,hubspot-api-key,
guardian.huggingface-access-token,guardian,expected_positive_exercised,1,1,1,1,1,0,0,0,0,0,0,0,1,1,0,0,0,0,0,0,1,0,0,0,true,true,G-V1-COV-106,G-V1-COV-106,Huggingface Access Token,HIGH,SECRET,huggingface-access-token,
guardian.huggingface-organization-api-token,guardian,expected_positive_exercised,1,1,1,1,1,0,0,0,0,0,0,0,1,1,0,0,0,0,0,0,1,0,0,0,true,true,G-V1-COV-106,G-V1-COV-106,Huggingface Organization API Token,HIGH,SECRET,huggingface-organization-api-token,
guardian.infracost-api-token,guardian,expected_positive_exercised,1,1,1,1,1,0,0,0,0,0,0,0,1,1,0,0,0,0,0,0,1,0,0,0,true,true,G-V1-COV-106,G-V1-COV-106,Infracost API Token,HIGH,SECRET,infracost-api-token,
guardian.intercom-api-key,guardian,expected_positive_exercised,1,1,1,1,1,0,0,0,0,0,0,0,1,1,0,0,0,0,0,0,1,0,0,0,true,true,G-V1-COV-106,G-V1-COV-106,Intercom API Key,HIGH,SECRET,intercom-api-key,
guardian.intra42-client-secret,guardian,expected_positive_exercised,1,1,1,1,1,0,0,0,0,0,0,0,1,1,0,0,0,0,0,0,1,0,0,0,true,true,G-V1-COV-106,G-V1-COV-106,Intra42 Client Secret,HIGH,SECRET,intra42-client-secret,
guardian.jfrog-api-key,guardian,expected_positive_exercised,1,1,1,1,1,0,0,0,0,0,0,0,1,1,0,0,0,0,0,0,1,0,0,0,true,true,G-V1-COV-106,G-V1-COV-106,Jfrog API Key,HIGH,SECRET,jfrog-api-key,
guardian.jfrog-identity-token,guardian,expected_positive_exercised,1,1,1,1,1,0,0,0,0,0,0,0,1,1,0,0,0,0,0,0,1,0,0,0,true,true,G-V1-COV-106,G-V1-COV-106,Jfrog Identity Token,HIGH,SECRET,jfrog-identity-token,
guardian.jwt,guardian,expected_positive_exercised,1,1,1,1,1,0,0,0,0,0,0,0,1,1,0,0,0,0,0,0,1,0,0,0,true,true,G-V1-COV-106,G-V1-COV-106,JWT,HIGH,SECRET,jwt,
guardian.jwt-base64,guardian,expected_positive_exercised,1,1,1,1,1,0,0,0,0,0,0,0,1,1,0,0,0,0,0,0,1,0,0,0,true,true,G-V1-COV-106,G-V1-COV-106,JWT Base64,HIGH,SECRET,jwt-base64,
guardian.kraken-access-token,guardian,expected_positive_exercised,1,1,1,1,1,0,0,0,0,0,0,0,1,1,0,0,0,0,0,0,1,0,0,0,true,true,G-V1-COV-106,G-V1-COV-106,Kraken Access Token,HIGH,SECRET,kraken-access-token,
guardian.kubernetes-secret-yaml,guardian,expected_positive_exercised,1,1,1,1,1,0,0,0,0,0,0,0,1,1,0,0,0,0,0,0,1,0,0,0,true,true,G-V1-COV-106,G-V1-COV-106,Kubernetes Secret Yaml,HIGH,SECRET,kubernetes-secret-yaml,
guardian.kucoin-access-token,guardian,expected_positive_exercised,1,1,1,1,1,0,0,0,0,0,0,0,1,1,0,0,0,0,0,0,1,0,0,0,true,true,G-V1-COV-106,G-V1-COV-106,Kucoin Access Token,HIGH,SECRET,kucoin-access-token,
guardian.kucoin-secret-key,guardian,expected_positive_exercised,1,1,1,1,1,0,0,0,0,0,0,0,1,1,0,0,0,0,0,0,1,0,0,0,true,true,G-V1-COV-107,G-V1-COV-107,Kucoin Secret Key,CRITICAL,SECRET,kucoin-secret-key,
guardian.launchdarkly-access-token,guardian,expected_positive_exercised,1,1,1,1,1,0,0,0,0,0,0,0,1,1,0,0,0,0,0,0,1,0,0,0,true,true,G-V1-COV-107,G-V1-COV-107,Launchdarkly Access Token,HIGH,SECRET,launchdarkly-access-token,
guardian.linear-api-key,guardian,expected_positive_exercised,1,1,1,1,1,0,0,0,0,0,0,0,1,1,0,0,0,0,0,0,1,0,0,0,true,true,G-V1-COV-107,G-V1-COV-107,Linear API Key,HIGH,SECRET,linear-api-key,
guardian.linear-client-secret,guardian,expected_positive_exercised,1,1,1,1,1,0,0,0,0,0,0,0,1,1,0,0,0,0,0,0,1,0,0,0,true,true,G-V1-COV-107,G-V1-COV-107,Linear Client Secret,HIGH,SECRET,linear-client-secret,
guardian.linkedin-client-id,guardian,expected_positive_exercised,1,1,1,1,1,0,0,0,0,0,0,0,1,1,0,0,0,0,0,0,1,0,0,0,true,true,G-V1-COV-107,G-V1-COV-107,Linkedin Client ID,HIGH,SECRET,linkedin-client-id,
guardian.linkedin-client-secret,guardian,expected_positive_exercised,1,1,1,1,1,0,0,0,0,0,0,0,1,1,0,0,0,0,0,0,1,0,0,0,true,true,G-V1-COV-107,G-V1-COV-107,Linkedin Client Secret,HIGH,SECRET,linkedin-client-secret,
guardian.lob-api-key,guardian,expected_positive_exercised,1,1,1,1,1,0,0,0,0,0,0,0,1,1,0,0,0,0,0,0,1,0,0,0,true,true,G-V1-COV-107,G-V1-COV-107,Lob API Key,HIGH,SECRET,lob-api-key,
guardian.lob-pub-api-key,guardian,expected_positive_exercised,1,1,1,1,1,0,0,0,0,0,0,0,1,1,0,0,0,0,0,0,1,0,0,0,true,true,G-V1-COV-107,G-V1-COV-107,Lob Pub API Key,HIGH,SECRET,lob-pub-api-key,
guardian.looker-client-id,guardian,expected_positive_exercised,1,1,1,1,1,0,0,0,0,0,0,0,1,1,0,0,0,0,0,0,1,0,0,0,true,true,G-V1-COV-107,G-V1-COV-107,Looker Client ID,HIGH,SECRET,looker-client-id,
guardian.looker-client-secret,guardian,expected_positive_exercised,1,1,1,1,1,0,0,0,0,0,0,0,1,1,0,0,0,0,0,0,1,0,0,0,true,true,G-V1-COV-107,G-V1-COV-107,Looker Client Secret,HIGH,SECRET,looker-client-secret,
guardian.mailchimp-api-key,guardian,expected_positive_exercised,1,1,1,1,1,0,0,0,0,0,0,0,1,1,0,0,0,0,0,0,1,0,0,0,true,true,G-V1-COV-107,G-V1-COV-107,Mailchimp API Key,HIGH,SECRET,mailchimp-api-key,
guardian.mailgun-private-api-token,guardian,expected_positive_exercised,1,1,1,1,1,0,0,0,0,0,0,0,1,1,0,0,0,0,0,0,1,0,0,0,true,true,G-V1-COV-107,G-V1-COV-107,Mailgun Private API Token,HIGH,SECRET,mailgun-private-api-token,
guardian.mailgun-pub-key,guardian,expected_positive_exercised,1,1,1,1,1,0,0,0,0,0,0,0,1,1,0,0,0,0,0,0,1,0,0,0,true,true,G-V1-COV-107,G-V1-COV-107,Mailgun Pub Key,HIGH,SECRET,mailgun-pub-key,
guardian.mailgun-signing-key,guardian,expected_positive_exercised,1,1,1,1,1,0,0,0,0,0,0,0,1,1,0,0,0,0,0,0,1,0,0,0,true,true,G-V1-COV-107,G-V1-COV-107,Mailgun Signing Key,HIGH,SECRET,mailgun-signing-key,
guardian.mapbox-api-token,guardian,expected_positive_exercised,1,1,1,1,1,0,0,0,0,0,0,0,1,1,0,0,0,0,0,0,1,0,0,0,true,true,G-V1-COV-107,G-V1-COV-107,Mapbox API Token,HIGH,SECRET,mapbox-api-token,
guardian.mattermost-access-token,guardian,expected_positive_exercised,1,1,1,1,1,0,0,0,0,0,0,0,1,1,0,0,0,0,0,0,1,0,0,0,true,true,G-V1-COV-107,G-V1-COV-107,Mattermost Access Token,HIGH,SECRET,mattermost-access-token,
guardian.maxmind-license-key,guardian,expected_positive_exercised,1,1,1,1,1,0,0,0,0,0,0,0,1,1,0,0,0,0,0,0,1,0,0,0,true,true,G-V1-COV-107,G-V1-COV-107,Maxmind License Key,HIGH,SECRET,maxmind-license-key,
guardian.messagebird-api-token,guardian,expected_positive_exercised,1,1,1,1,1,0,0,0,0,0,0,0,1,1,0,0,0,0,0,0,1,0,0,0,true,true,G-V1-COV-107,G-V1-COV-107,Messagebird API Token,HIGH,SECRET,messagebird-api-token,
guardian.messagebird-client-id,guardian,expected_positive_exercised,1,1,1,1,1,0,0,0,0,0,0,0,1,1,0,0,0,0,0,0,1,0,0,0,true,true,G-V1-COV-107,G-V1-COV-107,Messagebird Client ID,HIGH,SECRET,messagebird-client-id,
guardian.microsoft-teams-webhook,guardian,expected_positive_exercised,1,1,1,1,1,0,0,0,0,0,0,0,1,1,0,0,0,0,0,0,1,0,0,0,true,true,G-V1-COV-107,G-V1-COV-107,Microsoft Teams Webhook,HIGH,SECRET,microsoft-teams-webhook,
guardian.netlify-access-token,guardian,expected_positive_exercised,1,1,1,1,1,0,0,0,0,0,0,0,1,1,0,0,0,0,0,0,1,0,0,0,true,true,G-V1-COV-108,G-V1-COV-108,Netlify Access Token,HIGH,SECRET,netlify-access-token,
guardian.new-relic-browser-api-token,guardian,expected_positive_exercised,1,1,1,1,1,0,0,0,0,0,0,0,1,1,0,0,0,0,0,0,1,0,0,0,true,true,G-V1-COV-108,G-V1-COV-108,New Relic Browser API Token,HIGH,SECRET,new-relic-browser-api-token,
guardian.new-relic-insert-key,guardian,expected_positive_exercised,1,1,1,1,1,0,0,0,0,0,0,0,1,1,0,0,0,0,0,0,1,0,0,0,true,true,G-V1-COV-108,G-V1-COV-108,New Relic Insert Key,HIGH,SECRET,new-relic-insert-key,
guardian.new-relic-user-api-id,guardian,expected_positive_exercised,1,1,1,1,1,0,0,0,0,0,0,0,1,1,0,0,0,0,0,0,1,0,0,0,true,true,G-V1-COV-108,G-V1-COV-108,New Relic User API ID,HIGH,SECRET,new-relic-user-api-id,
guardian.new-relic-user-api-key,guardian,expected_positive_exercised,1,1,1,1,1,0,0,0,0,0,0,0,1,1,0,0,0,0,0,0,1,0,0,0,true,true,G-V1-COV-108,G-V1-COV-108,New Relic User API Key,HIGH,SECRET,new-relic-user-api-key,
guardian.notion-api-token,guardian,expected_positive_exercised,1,1,1,1,1,0,0,0,0,0,0,0,1,1,0,0,0,0,0,0,1,0,0,0,true,true,G-V1-COV-108,G-V1-COV-108,Notion API Token,HIGH,SECRET,notion-api-token,
guardian.npm-access-token,guardian,expected_positive_exercised,1,1,1,1,1,0,0,0,0,0,0,0,1,1,0,0,0,0,0,0,1,0,0,0,true,true,G-V1-COV-108,G-V1-COV-108,NPM Access Token,HIGH,SECRET,npm-access-token,
guardian.nuget-config-password,guardian,expected_positive_exercised,1,1,1,1,1,0,0,0,0,0,0,0,1,1,0,0,0,0,0,0,1,0,0,0,true,true,G-V1-COV-108,G-V1-COV-108,Nuget Config Password,HIGH,SECRET,nuget-config-password,
guardian.nytimes-access-token,guardian,expected_positive_exercised,1,1,1,1,1,0,0,0,0,0,0,0,1,1,0,0,0,0,0,0,1,0,0,0,true,true,G-V1-COV-108,G-V1-COV-108,Nytimes Access Token,HIGH,SECRET,nytimes-access-token,
guardian.octopus-deploy-api-key,guardian,expected_positive_exercised,1,1,1,1,1,0,0,0,0,0,0,0,1,1,0,0,0,0,0,0,1,0,0,0,true,true,G-V1-COV-108,G-V1-COV-108,Octopus Deploy API Key,HIGH,SECRET,octopus-deploy-api-key,
guardian.okta-access-token,guardian,expected_positive_exercised,1,1,1,1,1,0,0,0,0,0,0,0,1,1,0,0,0,0,0,0,1,0,0,0,true,true,G-V1-COV-108,G-V1-COV-108,Okta Access Token,HIGH,SECRET,okta-access-token,
guardian.openai-api-key,guardian,expected_positive_exercised,1,1,1,1,1,0,0,0,0,0,0,0,1,1,0,0,0,0,0,0,1,0,0,0,true,true,G-V1-COV-108,G-V1-COV-108,Openai API Key,HIGH,SECRET,openai-api-key,
guardian.openshift-user-token,guardian,expected_positive_exercised,1,1,1,1,1,0,0,0,0,0,0,0,1,1,0,0,0,0,0,0,1,0,0,0,true,true,G-V1-COV-108,G-V1-COV-108,Openshift User Token,HIGH,SECRET,openshift-user-token,
guardian.perplexity-api-key,guardian,expected_positive_exercised,1,1,1,1,1,0,0,0,0,0,0,0,1,1,0,0,0,0,0,0,1,0,0,0,true,true,G-V1-COV-108,G-V1-COV-108,Perplexity API Key,HIGH,SECRET,perplexity-api-key,
guardian.pkcs12-file,guardian,expected_positive_exercised,1,1,1,1,1,0,0,0,0,0,0,0,1,1,0,0,0,0,0,0,1,0,0,0,true,true,G-V1-COV-108,G-V1-COV-108,Pkcs12 File,CRITICAL,SECRET,pkcs12-file,
guardian.plaid-api-token,guardian,expected_positive_exercised,1,1,1,1,1,0,0,0,0,0,0,0,1,1,0,0,0,0,0,0,1,0,0,0,true,true,G-V1-COV-108,G-V1-COV-108,Plaid API Token,HIGH,SECRET,plaid-api-token,
guardian.plaid-client-id,guardian,expected_positive_exercised,1,1,1,1,1,0,0,0,0,0,0,0,1,1,0,0,0,0,0,0,1,0,0,0,true,true,G-V1-COV-108,G-V1-COV-108,Plaid Client ID,HIGH,SECRET,plaid-client-id,
guardian.plaid-secret-key,guardian,expected_positive_exercised,1,1,1,1,1,0,0,0,0,0,0,0,1,1,0,0,0,0,0,0,1,0,0,0,true,true,G-V1-COV-108,G-V1-COV-108,Plaid Secret Key,CRITICAL,SECRET,plaid-secret-key,
guardian.planetscale-api-token,guardian,expected_positive_exercised,1,1,1,1,1,0,0,0,0,0,0,0,1,1,0,0,0,0,0,0,1,0,0,0,true,true,G-V1-COV-108,G-V1-COV-108,Planetscale API Token,HIGH,SECRET,planetscale-api-token,
guardian.planetscale-oauth-token,guardian,expected_positive_exercised,1,1,1,1,1,0,0,0,0,0,0,0,1,1,0,0,0,0,0,0,1,0,0,0,true,true,G-V1-COV-108,G-V1-COV-108,Planetscale OAUTH Token,HIGH,SECRET,planetscale-oauth-token,
guardian.planetscale-password,guardian,expected_positive_exercised,1,1,1,1,1,0,0,0,0,0,0,0,1,1,0,0,0,0,0,0,1,0,0,0,true,true,G-V1-COV-109,G-V1-COV-109,Planetscale Password,HIGH,SECRET,planetscale-password,
guardian.postman-api-token,guardian,expected_positive_exercised,1,1,1,1,1,0,0,0,0,0,0,0,1,1,0,0,0,0,0,0,1,0,0,0,true,true,G-V1-COV-109,G-V1-COV-109,Postman API Token,HIGH,SECRET,postman-api-token,
guardian.prefect-api-token,guardian,expected_positive_exercised,1,1,1,1,1,0,0,0,0,0,0,0,1,1,0,0,0,0,0,0,1,0,0,0,true,true,G-V1-COV-109,G-V1-COV-109,Prefect API Token,HIGH,SECRET,prefect-api-token,
guardian.private-key,guardian,mixed_exercised,13,13,44,44,10,10,10,0,0,0,0,0,44,44,0,0,0,0,0,0,44,0,0,0,true,true,G-V1-CONFIG-004;G-V1-JAVA-001;G-V1-TS-003;G-V2-HIST-003;G-V2-HIST-008;G-V2-HIST-015;M-V8-001;M-V8-003;M-V8-005;M-V8-007;M-V8-009;M-V8-011;M-V8-012,G-V1-CONFIG-004;G-V1-JAVA-001;G-V1-TS-003;G-V2-HIST-003;G-V2-HIST-008;G-V2-HIST-015;M-V8-001;M-V8-003;M-V8-005;M-V8-007;M-V8-009;M-V8-011;M-V8-012,Private Key,CRITICAL,SECRET,private-key,
guardian.privateai-api-token,guardian,expected_positive_exercised,1,1,1,1,1,0,0,0,0,0,0,0,1,1,0,0,0,0,0,0,1,0,0,0,true,true,G-V1-COV-109,G-V1-COV-109,Privateai API Token,HIGH,SECRET,privateai-api-token,
guardian.pulumi-api-token,guardian,expected_positive_exercised,1,1,1,1,1,0,0,0,0,0,0,0,1,1,0,0,0,0,0,0,1,0,0,0,true,true,G-V1-COV-109,G-V1-COV-109,Pulumi API Token,HIGH,SECRET,pulumi-api-token,
guardian.pypi-upload-token,guardian,expected_positive_exercised,1,1,1,1,1,0,0,0,0,0,0,0,1,1,0,0,0,0,0,0,1,0,0,0,true,true,G-V1-COV-109,G-V1-COV-109,Pypi Upload Token,HIGH,SECRET,pypi-upload-token,
guardian.rapidapi-access-token,guardian,expected_positive_exercised,1,1,1,1,1,0,0,0,0,0,0,0,1,1,0,0,0,0,0,0,1,0,0,0,true,true,G-V1-COV-109,G-V1-COV-109,Rapidapi Access Token,HIGH,SECRET,rapidapi-access-token,
guardian.readme-api-token,guardian,expected_positive_exercised,1,1,1,1,1,0,0,0,0,0,0,0,1,1,0,0,0,0,0,0,1,0,0,0,true,true,G-V1-COV-109,G-V1-COV-109,Readme API Token,HIGH,SECRET,readme-api-token,
guardian.rubygems-api-token,guardian,expected_positive_exercised,1,1,1,1,1,0,0,0,0,0,0,0,1,1,0,0,0,0,0,0,1,0,0,0,true,true,G-V1-COV-109,G-V1-COV-109,Rubygems API Token,HIGH,SECRET,rubygems-api-token,
guardian.scalingo-api-token,guardian,expected_positive_exercised,1,1,1,1,1,0,0,0,0,0,0,0,1,1,0,0,0,0,0,0,1,0,0,0,true,true,G-V1-COV-109,G-V1-COV-109,Scalingo API Token,HIGH,SECRET,scalingo-api-token,
guardian.sendbird-access-id,guardian,expected_positive_exercised,1,1,1,1,1,0,0,0,0,0,0,0,1,1,0,0,0,0,0,0,1,0,0,0,true,true,G-V1-COV-109,G-V1-COV-109,Sendbird Access ID,HIGH,SECRET,sendbird-access-id,
guardian.sendbird-access-token,guardian,expected_positive_exercised,1,1,1,1,1,0,0,0,0,0,0,0,1,1,0,0,0,0,0,0,1,0,0,0,true,true,G-V1-COV-109,G-V1-COV-109,Sendbird Access Token,HIGH,SECRET,sendbird-access-token,
guardian.sendgrid-api-token,guardian,expected_positive_exercised,1,1,1,1,1,0,0,0,0,0,0,0,1,1,0,0,0,0,0,0,1,0,0,0,true,true,G-V1-COV-109,G-V1-COV-109,Sendgrid API Token,HIGH,SECRET,sendgrid-api-token,
guardian.sendinblue-api-token,guardian,expected_positive_exercised,1,1,1,1,1,0,0,0,0,0,0,0,1,1,0,0,0,0,0,0,1,0,0,0,true,true,G-V1-COV-109,G-V1-COV-109,Sendinblue API Token,HIGH,SECRET,sendinblue-api-token,
guardian.sentry-access-token,guardian,expected_positive_exercised,1,1,1,1,1,0,0,0,0,0,0,0,1,1,0,0,0,0,0,0,1,0,0,0,true,true,G-V1-COV-109,G-V1-COV-109,Sentry Access Token,HIGH,SECRET,sentry-access-token,
guardian.sentry-org-token,guardian,expected_positive_exercised,1,1,1,1,1,0,0,0,0,0,0,0,1,1,0,0,0,0,0,0,1,0,0,0,true,true,G-V1-COV-109,G-V1-COV-109,Sentry Org Token,HIGH,SECRET,sentry-org-token,
guardian.sentry-user-token,guardian,expected_positive_exercised,1,1,1,1,1,0,0,0,0,0,0,0,1,1,0,0,0,0,0,0,1,0,0,0,true,true,G-V1-COV-109,G-V1-COV-109,Sentry User Token,HIGH,SECRET,sentry-user-token,
guardian.settlemint-application-access-token,guardian,expected_positive_exercised,1,1,1,1,1,0,0,0,0,0,0,0,1,1,0,0,0,0,0,0,1,0,0,0,true,true,G-V1-COV-109,G-V1-COV-109,Settlemint Application Access Token,HIGH,SECRET,settlemint-application-access-token,
guardian.settlemint-personal-access-token,guardian,expected_positive_exercised,1,1,1,1,1,0,0,0,0,0,0,0,1,1,0,0,0,0,0,0,1,0,0,0,true,true,G-V1-COV-109,G-V1-COV-109,Settlemint Personal Access Token,HIGH,SECRET,settlemint-personal-access-token,
guardian.settlemint-service-access-token,guardian,expected_positive_exercised,1,1,1,1,1,0,0,0,0,0,0,0,1,1,0,0,0,0,0,0,1,0,0,0,true,true,G-V1-COV-109,G-V1-COV-109,Settlemint Service Access Token,HIGH,SECRET,settlemint-service-access-token,
guardian.shippo-api-token,guardian,expected_positive_exercised,1,1,1,1,1,0,0,0,0,0,0,0,1,1,0,0,0,0,0,0,1,0,0,0,true,true,G-V1-COV-110,G-V1-COV-110,Shippo API Token,HIGH,SECRET,shippo-api-token,
guardian.shopify-access-token,guardian,expected_positive_exercised,1,1,1,1,1,0,0,0,0,0,0,0,1,1,0,0,0,0,0,0,1,0,0,0,true,true,G-V1-COV-110,G-V1-COV-110,Shopify Access Token,HIGH,SECRET,shopify-access-token,
guardian.shopify-custom-access-token,guardian,expected_positive_exercised,1,1,1,1,1,0,0,0,0,0,0,0,1,1,0,0,0,0,0,0,1,0,0,0,true,true,G-V1-COV-110,G-V1-COV-110,Shopify Custom Access Token,HIGH,SECRET,shopify-custom-access-token,
guardian.shopify-private-app-access-token,guardian,expected_positive_exercised,1,1,1,1,1,0,0,0,0,0,0,0,1,1,0,0,0,0,0,0,1,0,0,0,true,true,G-V1-COV-110,G-V1-COV-110,Shopify Private App Access Token,HIGH,SECRET,shopify-private-app-access-token,
guardian.shopify-shared-secret,guardian,expected_positive_exercised,1,1,1,1,1,0,0,0,0,0,0,0,1,1,0,0,0,0,0,0,1,0,0,0,true,true,G-V1-COV-110,G-V1-COV-110,Shopify Shared Secret,HIGH,SECRET,shopify-shared-secret,
guardian.sidekiq-secret,guardian,expected_positive_exercised,1,1,1,1,1,0,0,0,0,0,0,0,1,1,0,0,0,0,0,0,1,0,0,0,true,true,G-V1-COV-110,G-V1-COV-110,Sidekiq Secret,HIGH,SECRET,sidekiq-secret,
guardian.sidekiq-sensitive-url,guardian,expected_positive_exercised,1,1,1,1,1,0,0,0,0,0,0,0,1,1,0,0,0,0,0,0,1,0,0,0,true,true,G-V1-COV-110,G-V1-COV-110,Sidekiq Sensitive Url,HIGH,SECRET,sidekiq-sensitive-url,
guardian.slack-app-token,guardian,expected_positive_exercised,1,1,1,1,1,0,0,0,0,0,0,0,1,1,0,0,0,0,0,0,1,0,0,0,true,true,G-V1-COV-110,G-V1-COV-110,Slack App Token,HIGH,SECRET,slack-app-token,
guardian.slack-bot-token,guardian,expected_positive_exercised,1,1,1,1,1,0,0,0,0,0,0,0,1,1,0,0,0,0,0,0,1,0,0,0,true,true,G-V1-COV-110,G-V1-COV-110,Slack Bot Token,HIGH,SECRET,slack-bot-token,
guardian.slack-config-access-token,guardian,expected_positive_exercised,1,1,1,1,1,0,0,0,0,0,0,0,1,1,0,0,0,0,0,0,1,0,0,0,true,true,G-V1-COV-110,G-V1-COV-110,Slack Config Access Token,HIGH,SECRET,slack-config-access-token,
guardian.slack-config-refresh-token,guardian,expected_positive_exercised,1,1,1,1,1,0,0,0,0,0,0,0,1,1,0,0,0,0,0,0,1,0,0,0,true,true,G-V1-COV-110,G-V1-COV-110,Slack Config Refresh Token,HIGH,SECRET,slack-config-refresh-token,
guardian.slack-legacy-bot-token,guardian,mixed_exercised,1,1,2,2,1,1,2,0,0,1,0,0,2,2,0,0,0,0,0,0,2,0,0,0,true,true,G-V1-COV-110,G-V1-COV-110,Slack Legacy Bot Token,HIGH,SECRET,slack-legacy-bot-token,
guardian.slack-legacy-token,guardian,expected_positive_exercised,1,1,1,1,1,0,0,0,0,0,0,0,1,1,0,0,0,0,0,0,1,0,0,0,true,true,G-V1-COV-110,G-V1-COV-110,Slack Legacy Token,HIGH,SECRET,slack-legacy-token,
guardian.slack-legacy-workspace-token,guardian,expected_positive_exercised,1,1,1,1,1,0,0,0,0,0,0,0,1,1,0,0,0,0,0,0,1,0,0,0,true,true,G-V1-COV-110,G-V1-COV-110,Slack Legacy Workspace Token,HIGH,SECRET,slack-legacy-workspace-token,
guardian.slack-user-token,guardian,expected_positive_exercised,1,1,1,1,1,0,0,0,0,0,0,0,1,1,0,0,0,0,0,0,1,0,0,0,true,true,G-V1-COV-110,G-V1-COV-110,Slack User Token,HIGH,SECRET,slack-user-token,
guardian.slack-webhook-url,guardian,expected_positive_exercised,1,1,1,1,1,0,0,0,0,0,0,0,1,1,0,0,0,0,0,0,1,0,0,0,true,true,G-V1-COV-110,G-V1-COV-110,Slack Webhook Url,HIGH,SECRET,slack-webhook-url,
guardian.snyk-api-token,guardian,expected_positive_exercised,1,1,1,1,1,0,0,0,0,0,0,0,1,1,0,0,0,0,0,0,1,0,0,0,true,true,G-V1-COV-110,G-V1-COV-110,Snyk API Token,HIGH,SECRET,snyk-api-token,
guardian.sonar-api-token,guardian,expected_positive_exercised,1,1,1,1,1,0,0,0,0,0,0,0,1,1,0,0,0,0,0,0,1,0,0,0,true,true,G-V1-COV-110,G-V1-COV-110,Sonar API Token,HIGH,SECRET,sonar-api-token,
guardian.sourcegraph-access-token,guardian,expected_positive_exercised,1,1,1,1,1,0,0,0,0,0,0,0,1,1,0,0,0,0,0,0,1,0,0,0,true,true,G-V1-COV-110,G-V1-COV-110,Sourcegraph Access Token,HIGH,SECRET,sourcegraph-access-token,
guardian.square-access-token,guardian,expected_positive_exercised,1,1,1,1,1,0,0,0,0,0,0,0,1,1,0,0,0,0,0,0,1,0,0,0,true,true,G-V1-COV-110,G-V1-COV-110,Square Access Token,HIGH,SECRET,square-access-token,
guardian.squarespace-access-token,guardian,expected_positive_exercised,1,1,1,1,1,0,0,0,0,0,0,0,1,1,0,0,0,0,0,0,1,0,0,0,true,true,G-V1-COV-111,G-V1-COV-111,Squarespace Access Token,HIGH,SECRET,squarespace-access-token,
guardian.stripe-access-token,guardian,expected_positive_exercised,1,1,1,1,1,0,0,0,0,0,0,0,1,1,0,0,0,0,0,0,1,0,0,0,true,true,G-V1-COV-111,G-V1-COV-111,Stripe Access Token,CRITICAL,SECRET,stripe-access-token,
guardian.stripe-live-secret-key,guardian,expected_positive_exercised,1,1,1,1,1,0,0,0,0,0,0,0,1,1,0,0,0,0,0,0,1,0,0,0,true,true,G-V1-COV-112,G-V1-COV-112,Stripe Live Secret Key,CRITICAL,SECRET,stripe-live-secret-key,
guardian.sumologic-access-id,guardian,expected_positive_exercised,1,1,1,1,1,0,0,0,0,0,0,0,1,1,0,0,0,0,0,0,1,0,0,0,true,true,G-V1-COV-111,G-V1-COV-111,Sumologic Access ID,HIGH,SECRET,sumologic-access-id,
guardian.sumologic-access-token,guardian,expected_positive_exercised,1,1,1,1,1,0,0,0,0,0,0,0,1,1,0,0,0,0,0,0,1,0,0,0,true,true,G-V1-COV-111,G-V1-COV-111,Sumologic Access Token,HIGH,SECRET,sumologic-access-token,
guardian.telegram-bot-api-token,guardian,expected_positive_exercised,1,1,1,1,1,0,0,0,0,0,0,0,1,1,0,0,0,0,0,0,1,0,0,0,true,true,G-V1-COV-111,G-V1-COV-111,Telegram Bot API Token,HIGH,SECRET,telegram-bot-api-token,
guardian.travisci-access-token,guardian,expected_positive_exercised,1,1,1,1,1,0,0,0,0,0,0,0,1,1,0,0,0,0,0,0,1,0,0,0,true,true,G-V1-COV-111,G-V1-COV-111,Travisci Access Token,HIGH,SECRET,travisci-access-token,
guardian.twilio-api-key,guardian,expected_positive_exercised,1,1,1,1,1,0,0,0,0,0,0,0,1,1,0,0,0,0,0,0,1,0,0,0,true,true,G-V1-COV-111,G-V1-COV-111,Twilio API Key,HIGH,SECRET,twilio-api-key,
guardian.twitch-api-token,guardian,expected_positive_exercised,1,1,1,1,1,0,0,0,0,0,0,0,1,1,0,0,0,0,0,0,1,0,0,0,true,true,G-V1-COV-111,G-V1-COV-111,Twitch API Token,HIGH,SECRET,twitch-api-token,
guardian.twitter-access-secret,guardian,expected_positive_exercised,1,1,1,1,1,0,0,0,0,0,0,0,1,1,0,0,0,0,0,0,1,0,0,0,true,true,G-V1-COV-111,G-V1-COV-111,Twitter Access Secret,HIGH,SECRET,twitter-access-secret,
guardian.twitter-access-token,guardian,expected_positive_exercised,1,1,1,1,1,0,0,0,0,0,0,0,1,1,0,0,0,0,0,0,1,0,0,0,true,true,G-V1-COV-111,G-V1-COV-111,Twitter Access Token,HIGH,SECRET,twitter-access-token,
guardian.twitter-api-key,guardian,expected_positive_exercised,1,1,1,1,1,0,0,0,0,0,0,0,1,1,0,0,0,0,0,0,1,0,0,0,true,true,G-V1-COV-111,G-V1-COV-111,Twitter API Key,HIGH,SECRET,twitter-api-key,
guardian.twitter-api-secret,guardian,expected_positive_exercised,1,1,1,1,1,0,0,0,0,0,0,0,1,1,0,0,0,0,0,0,1,0,0,0,true,true,G-V1-COV-111,G-V1-COV-111,Twitter API Secret,HIGH,SECRET,twitter-api-secret,
guardian.twitter-bearer-token,guardian,expected_positive_exercised,1,1,1,1,1,0,0,0,0,0,0,0,1,1,0,0,0,0,0,0,1,0,0,0,true,true,G-V1-COV-111,G-V1-COV-111,Twitter Bearer Token,HIGH,SECRET,twitter-bearer-token,
guardian.typeform-api-token,guardian,expected_positive_exercised,1,1,1,1,1,0,0,0,0,0,0,0,1,1,0,0,0,0,0,0,1,0,0,0,true,true,G-V1-COV-111,G-V1-COV-111,Typeform API Token,HIGH,SECRET,typeform-api-token,
guardian.vault-batch-token,guardian,expected_positive_exercised,1,1,1,1,1,0,0,0,0,0,0,0,1,1,0,0,0,0,0,0,1,0,0,0,true,true,G-V1-COV-111,G-V1-COV-111,Vault Batch Token,HIGH,SECRET,vault-batch-token,
guardian.vault-service-token,guardian,expected_positive_exercised,1,1,1,1,1,0,0,0,0,0,0,0,1,1,0,0,0,0,0,0,1,0,0,0,true,true,G-V1-COV-111,G-V1-COV-111,Vault Service Token,HIGH,SECRET,vault-service-token,
guardian.yandex-access-token,guardian,expected_positive_exercised,1,1,1,1,1,0,0,0,0,0,0,0,1,1,0,0,0,0,0,0,1,0,0,0,true,true,G-V1-COV-111,G-V1-COV-111,Yandex Access Token,HIGH,SECRET,yandex-access-token,
guardian.yandex-api-key,guardian,expected_positive_exercised,1,1,1,1,1,0,0,0,0,0,0,0,1,1,0,0,0,0,0,0,1,0,0,0,true,true,G-V1-COV-111,G-V1-COV-111,Yandex API Key,HIGH,SECRET,yandex-api-key,
guardian.yandex-aws-access-token,guardian,expected_positive_exercised,1,1,1,1,1,0,0,0,0,0,0,0,1,1,0,0,0,0,0,0,1,0,0,0,true,true,G-V1-COV-111,G-V1-COV-111,Yandex AWS Access Token,HIGH,SECRET,yandex-aws-access-token,
guardian.zendesk-secret-key,guardian,expected_positive_exercised,1,1,1,1,1,0,0,0,0,0,0,0,1,1,0,0,0,0,0,0,1,0,0,0,true,true,G-V1-COV-111,G-V1-COV-111,Zendesk Secret Key,CRITICAL,SECRET,zendesk-secret-key,
