scenarioId,milestone,verdict,finalVerdict,verdictClass,runnability,cleanExpectedMatches,mustFindExpected,missingExpectedFindings,mustNotFindViolations,unexpectedFindings,unexpectedRegexOnlyFindings,sameSurfaceExtraFindings,sameFileDifferentSignalFindings,mayFindReview,explainabilityFailures,refStateFailures,noiseCount,noiseBreakdown,finalVerdictReason,dossierMissing,fillerRatio,realismScore,dossierPath,logsPath,liveBusinessCode,liveConfig,tests,docs,scripts,fixtures,vendorGenerated,syntheticFiller
G-V1-CONFIG-004,M1,PASS_CLEAN,PASS_CLEAN,PASS_CLEAN,"build:passed,smoke:passed,test:passed",4,4,0,0,0,0,0,0,0,0,0,0,none,all expected findings matched cleanly with no unexpected noise,False,0.96318407960199,1,C:\Users\EnesPekdas\Desktop\ARQV2\LAB\Arq-lab\reports\generated-project-dossiers\G-V1-CONFIG-004.md,C:\Users\EnesPekdas\Desktop\ARQV2\LAB\Arq-lab\repositories\legacy-admin-config\validation\runnability-logs,0,19,2,11,2,0,143,4840
G-V1-COV-101,M1,FAIL_FN,FAIL_FN,FAIL_FN,"build:passed,smoke:passed,test:passed",19,20,1,0,0,0,0,0,0,0,0,0,none,1 expected finding(s) were not detected at all,False,0.9264658244250081,1,C:\Users\EnesPekdas\Desktop\ARQV2\LAB\Arq-lab\reports\generated-project-dossiers\G-V1-COV-101.md,C:\Users\EnesPekdas\Desktop\ARQV2\LAB\Arq-lab\repositories\guardian-coverage-saas\validation\runnability-logs,0,73,3,33,2,0,335,5720
G-V1-COV-102,M1,PASS_WITH_NOISE,PASS_WITH_NOISE,PASS_WITH_NOISE,"build:passed,smoke:passed,test:passed",20,20,0,0,4,0,0,4,0,0,0,4,sameFileDifferentSignalFindings=4,4 unexpected/noisy finding(s) remained after matching (same-file-different-signal=4),False,0.9258659760440272,1,C:\Users\EnesPekdas\Desktop\ARQV2\LAB\Arq-lab\reports\generated-project-dossiers\G-V1-COV-102.md,C:\Users\EnesPekdas\Desktop\ARQV2\LAB\Arq-lab\repositories\guardian-coverage-cloud\validation\runnability-logs,0,77,3,33,2,0,335,5720
G-V1-COV-103,M1,FAIL_FN,FAIL_FN,FAIL_FN,"build:passed,smoke:passed,test:passed",19,20,1,0,0,0,0,0,0,0,0,0,none,1 expected finding(s) were not detected at all,False,0.9119897959183674,1,C:\Users\EnesPekdas\Desktop\ARQV2\LAB\Arq-lab\reports\generated-project-dossiers\G-V1-COV-103.md,C:\Users\EnesPekdas\Desktop\ARQV2\LAB\Arq-lab\repositories\guardian-coverage-automation\validation\runnability-logs,0,82,3,122,2,0,335,5720
G-V1-COV-104,M1,PASS_WITH_NOISE,PASS_WITH_NOISE,PASS_WITH_NOISE,"build:passed,smoke:passed,test:passed",20,20,0,0,2,0,0,2,0,0,0,2,sameFileDifferentSignalFindings=2,2 unexpected/noisy finding(s) remained after matching (same-file-different-signal=2),False,0.9287221951615522,1,C:\Users\EnesPekdas\Desktop\ARQV2\LAB\Arq-lab\reports\generated-project-dossiers\G-V1-COV-104.md,C:\Users\EnesPekdas\Desktop\ARQV2\LAB\Arq-lab\repositories\guardian-coverage-partners\validation\runnability-logs,0,63,3,28,2,0,335,5720
G-V1-COV-105,M1,FAIL_FN,FAIL_FN,FAIL_FN,"build:passed,smoke:passed,test:passed",18,20,2,0,0,0,0,0,0,0,0,0,none,2 expected finding(s) were not detected at all,False,0.9146146466261592,1,C:\Users\EnesPekdas\Desktop\ARQV2\LAB\Arq-lab\reports\generated-project-dossiers\G-V1-COV-105.md,C:\Users\EnesPekdas\Desktop\ARQV2\LAB\Arq-lab\repositories\guardian-coverage-enterprise\validation\runnability-logs,0,157,3,29,2,0,335,5720
G-V1-COV-106,M1,PASS_CLEAN,PASS_CLEAN,PASS_CLEAN,"build:passed,smoke:passed,test:passed",20,20,0,0,0,0,0,0,0,0,0,0,none,all expected findings matched cleanly with no unexpected noise,False,0.923921821999677,1,C:\Users\EnesPekdas\Desktop\ARQV2\LAB\Arq-lab\reports\generated-project-dossiers\G-V1-COV-106.md,C:\Users\EnesPekdas\Desktop\ARQV2\LAB\Arq-lab\repositories\guardian-coverage-support\validation\runnability-logs,0,85,3,38,2,0,335,5720
G-V1-COV-107,M1,FAIL_FN,FAIL_FN,FAIL_FN,"build:passed,smoke:passed,test:passed",19,20,1,0,0,0,0,0,0,0,0,0,none,1 expected finding(s) were not detected at all,False,0.9200579057423195,1,C:\Users\EnesPekdas\Desktop\ARQV2\LAB\Arq-lab\reports\generated-project-dossiers\G-V1-COV-107.md,C:\Users\EnesPekdas\Desktop\ARQV2\LAB\Arq-lab\repositories\guardian-coverage-marketing\validation\runnability-logs,0,74,3,75,2,0,335,5720
G-V1-COV-108,M1,FAIL_FN,FAIL_FN,FAIL_FN,"build:passed,smoke:passed,test:passed",19,20,1,0,1,0,0,1,0,0,0,1,sameFileDifferentSignalFindings=1,1 expected finding(s) were not detected at all; 1 unexpected/noisy finding(s) remained after matching (same-file-different-signal=1),False,0.9287221951615522,1,C:\Users\EnesPekdas\Desktop\ARQV2\LAB\Arq-lab\reports\generated-project-dossiers\G-V1-COV-108.md,C:\Users\EnesPekdas\Desktop\ARQV2\LAB\Arq-lab\repositories\guardian-coverage-data\validation\runnability-logs,0,63,3,28,2,0,335,5720
G-V1-COV-109,M1,FAIL_FN,FAIL_FN,FAIL_FN,"build:passed,smoke:passed,test:passed",19,20,1,0,2,0,0,2,0,0,0,2,sameFileDifferentSignalFindings=2,1 expected finding(s) were not detected at all; 2 unexpected/noisy finding(s) remained after matching (same-file-different-signal=2),False,0.9243697478991597,1,C:\Users\EnesPekdas\Desktop\ARQV2\LAB\Arq-lab\reports\generated-project-dossiers\G-V1-COV-109.md,C:\Users\EnesPekdas\Desktop\ARQV2\LAB\Arq-lab\repositories\guardian-coverage-mobile\validation\runnability-logs,0,79,3,41,2,0,335,5720
G-V1-COV-110,M1,PASS_WITH_NOISE,PASS_WITH_NOISE,PASS_WITH_NOISE,"build:passed,smoke:passed,test:passed",9,9,0,0,2,0,0,2,0,0,0,2,sameFileDifferentSignalFindings=2,2 unexpected/noisy finding(s) remained after matching (same-file-different-signal=2),False,0.9434273461982516,1,C:\Users\EnesPekdas\Desktop\ARQV2\LAB\Arq-lab\reports\generated-project-dossiers\G-V1-COV-110.md,C:\Users\EnesPekdas\Desktop\ARQV2\LAB\Arq-lab\repositories\guardian-coverage-security\validation\runnability-logs,0,114,3,24,2,0,192,5720
G-V1-JAVA-001,M1,PASS_CLEAN,PASS_CLEAN,PASS_CLEAN,"build:passed,smoke:passed,test:passed",4,4,0,0,0,0,0,0,0,0,0,0,none,all expected findings matched cleanly with no unexpected noise,False,0.6984126984126984,3,C:\Users\EnesPekdas\Desktop\ARQV2\LAB\Arq-lab\reports\generated-project-dossiers\G-V1-JAVA-001.md,C:\Users\EnesPekdas\Desktop\ARQV2\LAB\Arq-lab\repositories\payments-service-java\validation\runnability-logs,1205,6,105,14,1,0,162,3520
G-V1-PY-002,M1,PASS_CLEAN,PASS_CLEAN,PASS_CLEAN,"build:passed,smoke:passed,test:passed",4,4,0,0,0,0,0,0,0,0,0,0,none,all expected findings matched cleanly with no unexpected noise,False,0.9351522340846185,1,C:\Users\EnesPekdas\Desktop\ARQV2\LAB\Arq-lab\reports\generated-project-dossiers\G-V1-PY-002.md,C:\Users\EnesPekdas\Desktop\ARQV2\LAB\Arq-lab\repositories\notification-worker-python\validation\runnability-logs,88,1,32,11,1,0,180,4730
G-V1-TS-003,M1,PASS_CLEAN,PASS_CLEAN,PASS_CLEAN,"build:passed,smoke:passed,test:passed",4,4,0,0,0,0,0,0,0,0,0,0,none,all expected findings matched cleanly with no unexpected noise,False,0.4853590052146009,1,C:\Users\EnesPekdas\Desktop\ARQV2\LAB\Arq-lab\reports\generated-project-dossiers\G-V1-TS-003.md,C:\Users\EnesPekdas\Desktop\ARQV2\LAB\Arq-lab\repositories\partner-api-node\validation\runnability-logs,31,1,16,11,2,0,280,4840
G-V2-HIST-001,M2,PASS_CLEAN,PASS_CLEAN,PASS_CLEAN,"build:passed,smoke:passed,test:passed",1,1,0,0,0,0,0,0,0,0,0,0,none,all expected findings matched cleanly with no unexpected noise,False,0.6403104535532379,3,C:\Users\EnesPekdas\Desktop\ARQV2\LAB\Arq-lab\reports\generated-project-dossiers\G-V2-HIST-001.md,C:\Users\EnesPekdas\Desktop\ARQV2\LAB\Arq-lab\repositories\payments-history-lineage\validation\runnability-logs,1207,3,104,12,1,0,129,2640
G-V2-HIST-002,M2,PASS_CLEAN,PASS_CLEAN,PASS_CLEAN,"build:passed,smoke:passed,test:passed",1,1,0,0,0,0,0,0,0,0,0,0,none,all expected findings matched cleanly with no unexpected noise,False,0.4875591820288103,2,C:\Users\EnesPekdas\Desktop\ARQV2\LAB\Arq-lab\reports\generated-project-dossiers\G-V2-HIST-002.md,C:\Users\EnesPekdas\Desktop\ARQV2\LAB\Arq-lab\repositories\partner-branch-divergence\validation\runnability-logs,22,0,16,11,1,0,246,4840
G-V2-HIST-003,M2,PASS_CLEAN,PASS_CLEAN,PASS_CLEAN,"build:passed,smoke:passed,test:passed",2,2,0,0,0,0,0,0,0,0,0,0,none,all expected findings matched cleanly with no unexpected noise,False,0.9210526315789473,1,C:\Users\EnesPekdas\Desktop\ARQV2\LAB\Arq-lab\reports\generated-project-dossiers\G-V2-HIST-003.md,C:\Users\EnesPekdas\Desktop\ARQV2\LAB\Arq-lab\repositories\pem-rotation-lineage\validation\runnability-logs,87,0,32,13,1,0,182,3850
G-V2-HIST-004,M2,PASS_CLEAN,PASS_CLEAN,PASS_CLEAN,"build:passed,smoke:passed,test:passed",1,1,0,0,0,0,0,0,0,0,0,0,none,all expected findings matched cleanly with no unexpected noise,False,0.639225181598063,3,C:\Users\EnesPekdas\Desktop\ARQV2\LAB\Arq-lab\reports\generated-project-dossiers\G-V2-HIST-004.md,C:\Users\EnesPekdas\Desktop\ARQV2\LAB\Arq-lab\repositories\partner-rename-lineage\validation\runnability-logs,1207,3,104,12,1,0,136,2640
G-V2-HIST-005,M2,PASS_CLEAN,PASS_CLEAN,PASS_CLEAN,"build:passed,smoke:passed,test:passed",1,1,0,0,0,0,0,0,0,0,0,0,none,all expected findings matched cleanly with no unexpected noise,False,0.9234828496042217,1,C:\Users\EnesPekdas\Desktop\ARQV2\LAB\Arq-lab\reports\generated-project-dossiers\G-V2-HIST-005.md,C:\Users\EnesPekdas\Desktop\ARQV2\LAB\Arq-lab\repositories\canonical-secret-lineage\validation\runnability-logs,87,1,32,12,1,0,171,3850
G-V2-HIST-006,M2,PASS_CLEAN,PASS_CLEAN,PASS_CLEAN,"build:passed,smoke:passed,test:passed",1,1,0,0,0,0,0,0,0,0,0,0,none,all expected findings matched cleanly with no unexpected noise,False,0.6378352258999759,3,C:\Users\EnesPekdas\Desktop\ARQV2\LAB\Arq-lab\reports\generated-project-dossiers\G-V2-HIST-006.md,C:\Users\EnesPekdas\Desktop\ARQV2\LAB\Arq-lab\repositories\partner-relocation-lineage\validation\runnability-logs,1209,3,104,12,1,0,143,2640
G-V2-HIST-007,M2,PASS_CLEAN,PASS_CLEAN,PASS_CLEAN,"build:passed,smoke:passed,test:passed",1,1,0,0,0,0,0,0,0,0,0,0,none,all expected findings matched cleanly with no unexpected noise,False,0.4872156231125428,2,C:\Users\EnesPekdas\Desktop\ARQV2\LAB\Arq-lab\reports\generated-project-dossiers\G-V2-HIST-007.md,C:\Users\EnesPekdas\Desktop\ARQV2\LAB\Arq-lab\repositories\feature-cherrypick-lineage\validation\runnability-logs,22,0,16,11,1,0,253,4840
G-V2-HIST-008,M2,PASS_CLEAN,PASS_CLEAN,PASS_CLEAN,"build:passed,smoke:passed,test:passed",1,1,0,0,0,0,0,0,0,0,0,0,none,all expected findings matched cleanly with no unexpected noise,False,0.9157944814462416,1,C:\Users\EnesPekdas\Desktop\ARQV2\LAB\Arq-lab\reports\generated-project-dossiers\G-V2-HIST-008.md,C:\Users\EnesPekdas\Desktop\ARQV2\LAB\Arq-lab\repositories\pem-lineage-separation\validation\runnability-logs,87,0,32,30,1,0,189,3850
G-V2-HIST-009,M2,PASS_CLEAN,PASS_CLEAN,PASS_CLEAN,"build:passed,smoke:passed,test:passed",1,1,0,0,0,0,0,0,0,0,0,0,none,all expected findings matched cleanly with no unexpected noise,False,0.9245917387127762,1,C:\Users\EnesPekdas\Desktop\ARQV2\LAB\Arq-lab\reports\generated-project-dossiers\G-V2-HIST-009.md,C:\Users\EnesPekdas\Desktop\ARQV2\LAB\Arq-lab\repositories\canonical-wrap-lineage\validation\runnability-logs,87,0,32,13,1,0,166,3850
G-V2-HIST-014,M2,PASS_CLEAN,PASS_CLEAN,PASS_CLEAN,"build:passed,smoke:passed,test:passed",1,1,0,0,0,0,0,0,0,0,0,0,none,all expected findings matched cleanly with no unexpected noise,False,0.48697052017305564,1,C:\Users\EnesPekdas\Desktop\ARQV2\LAB\Arq-lab\reports\generated-project-dossiers\G-V2-HIST-014.md,C:\Users\EnesPekdas\Desktop\ARQV2\LAB\Arq-lab\repositories\split-concat-lineage\validation\runnability-logs,23,0,16,13,1,0,255,4840
G-V2-HIST-015,M2,PASS_CLEAN,PASS_CLEAN,PASS_CLEAN,"build:passed,smoke:passed,test:passed",1,1,0,0,0,0,0,0,0,0,0,0,none,all expected findings matched cleanly with no unexpected noise,False,0.9208323367615403,2,C:\Users\EnesPekdas\Desktop\ARQV2\LAB\Arq-lab\reports\generated-project-dossiers\G-V2-HIST-015.md,C:\Users\EnesPekdas\Desktop\ARQV2\LAB\Arq-lab\repositories\branch-private-key-divergence\validation\runnability-logs,87,0,32,29,1,0,167,3850
G-V2-HIST-016,M2,PASS_CLEAN,PASS_CLEAN,PASS_CLEAN,"build:passed,smoke:passed,test:passed",1,1,0,0,0,0,0,0,0,0,0,0,none,all expected findings matched cleanly with no unexpected noise,False,0.9272639691714836,1,C:\Users\EnesPekdas\Desktop\ARQV2\LAB\Arq-lab\reports\generated-project-dossiers\G-V2-HIST-016.md,C:\Users\EnesPekdas\Desktop\ARQV2\LAB\Arq-lab\repositories\folded-yaml-lineage\validation\runnability-logs,87,2,32,14,1,0,151,3850
G-V2-HIST-017,M2,PASS_CLEAN,PASS_CLEAN,PASS_CLEAN,"build:passed,smoke:passed,test:passed",1,1,0,0,0,0,0,0,0,0,0,0,none,all expected findings matched cleanly with no unexpected noise,False,0.6375271673508814,4,C:\Users\EnesPekdas\Desktop\ARQV2\LAB\Arq-lab\reports\generated-project-dossiers\G-V2-HIST-017.md,C:\Users\EnesPekdas\Desktop\ARQV2\LAB\Arq-lab\repositories\move-duplicate-cherrypick-lineage\validation\runnability-logs,1205,3,104,12,1,0,149,2640
M-V8-001,M8,PASS_CLEAN,PASS_CLEAN,PASS_CLEAN,"build:passed,smoke:passed,test:passed",6,6,0,0,0,0,0,0,0,0,0,0,none,all expected findings matched cleanly with no unexpected noise,False,0.5464187420285964,3,C:\Users\EnesPekdas\Desktop\ARQV2\LAB\Arq-lab\reports\generated-project-dossiers\M-V8-001.md,C:\Users\EnesPekdas\Desktop\ARQV2\LAB\Arq-lab\repositories\internal-platform-monorepo\validation\runnability-logs,1552,5,0,44,1,0,366,8140
M-V8-002,M8,PASS_CLEAN,PASS_CLEAN,PASS_CLEAN,"build:passed,smoke:passed,test:passed",5,5,0,0,0,0,0,0,0,0,0,0,none,all expected findings matched cleanly with no unexpected noise,False,0.5865533230293664,2,C:\Users\EnesPekdas\Desktop\ARQV2\LAB\Arq-lab\reports\generated-project-dossiers\M-V8-002.md,C:\Users\EnesPekdas\Desktop\ARQV2\LAB\Arq-lab\repositories\infra-app-mixed-repo\validation\runnability-logs,204,3,32,22,2,0,298,7590
M-V8-003,M8,PASS_WITH_NOISE,PASS_WITH_NOISE,PASS_WITH_NOISE,"build:passed,smoke:passed,test:passed",4,4,0,0,3,2,0,0,0,0,0,3,"totallyUnexpectedFindings=3, unexpectedRegexOnlyFindings=2","3 unexpected/noisy finding(s) remained after matching (totally-unexpected=3, regex-only=2)",False,0.5436327939882202,3,C:\Users\EnesPekdas\Desktop\ARQV2\LAB\Arq-lab\reports\generated-project-dossiers\M-V8-003.md,C:\Users\EnesPekdas\Desktop\ARQV2\LAB\Arq-lab\repositories\platform-mesh-monorepo\validation\runnability-logs,1552,7,0,47,1,0,345,8030
M-V8-004,M8,PASS_CLEAN,PASS_CLEAN,PASS_CLEAN,"build:passed,smoke:passed,test:passed",5,5,0,0,0,0,0,0,0,0,0,0,none,all expected findings matched cleanly with no unexpected noise,False,0.6147012465969337,2,C:\Users\EnesPekdas\Desktop\ARQV2\LAB\Arq-lab\reports\generated-project-dossiers\M-V8-004.md,C:\Users\EnesPekdas\Desktop\ARQV2\LAB\Arq-lab\repositories\control-plane-infra-repo\validation\runnability-logs,204,13,32,22,2,0,315,8580
M-V8-005,M8,PASS_WITH_NOISE,PASS_WITH_NOISE,PASS_WITH_NOISE,"build:passed,smoke:passed,test:passed",4,4,0,0,3,2,0,0,0,0,0,3,"totallyUnexpectedFindings=3, unexpectedRegexOnlyFindings=2","3 unexpected/noisy finding(s) remained after matching (totally-unexpected=3, regex-only=2)",False,0.5434856175972927,3,C:\Users\EnesPekdas\Desktop\ARQV2\LAB\Arq-lab\reports\generated-project-dossiers\M-V8-005.md,C:\Users\EnesPekdas\Desktop\ARQV2\LAB\Arq-lab\repositories\enterprise-mesh-monorepo\validation\runnability-logs,1553,7,0,48,1,0,347,8030
M-V8-006,M8,PASS_CLEAN,PASS_CLEAN,PASS_CLEAN,"build:passed,smoke:passed,test:passed",5,5,0,0,0,0,0,0,0,0,0,0,none,all expected findings matched cleanly with no unexpected noise,False,0.6114640485128501,2,C:\Users\EnesPekdas\Desktop\ARQV2\LAB\Arq-lab\reports\generated-project-dossiers\M-V8-006.md,C:\Users\EnesPekdas\Desktop\ARQV2\LAB\Arq-lab\repositories\control-plane-overlay-repo\validation\runnability-logs,204,14,32,23,2,0,317,8470
M-V8-007,M8,PASS_WITH_NOISE,PASS_WITH_NOISE,PASS_WITH_NOISE,"build:passed,smoke:passed,test:passed",3,3,0,0,5,4,0,0,0,0,0,5,"totallyUnexpectedFindings=5, unexpectedRegexOnlyFindings=4","5 unexpected/noisy finding(s) remained after matching (totally-unexpected=5, regex-only=4)",False,0.5428243087947002,3,C:\Users\EnesPekdas\Desktop\ARQV2\LAB\Arq-lab\reports\generated-project-dossiers\M-V8-007.md,C:\Users\EnesPekdas\Desktop\ARQV2\LAB\Arq-lab\repositories\workspace-history-mixed-repo\validation\runnability-logs,1552,7,0,48,1,0,366,8030
M-V8-008,M8,PASS_CLEAN,PASS_CLEAN,PASS_CLEAN,"build:passed,smoke:passed,test:passed",5,5,0,0,0,0,0,0,0,0,0,0,none,all expected findings matched cleanly with no unexpected noise,False,0.6115081943541982,2,C:\Users\EnesPekdas\Desktop\ARQV2\LAB\Arq-lab\reports\generated-project-dossiers\M-V8-008.md,C:\Users\EnesPekdas\Desktop\ARQV2\LAB\Arq-lab\repositories\branch-hotfix-mixed-repo\validation\runnability-logs,204,13,32,24,2,0,316,8470
M-V8-009,M8,PASS_WITH_NOISE,PASS_WITH_NOISE,PASS_WITH_NOISE,"build:passed,smoke:passed,test:passed",2,2,0,0,5,3,0,0,0,0,0,5,"totallyUnexpectedFindings=5, unexpectedRegexOnlyFindings=3","5 unexpected/noisy finding(s) remained after matching (totally-unexpected=5, regex-only=3)",False,0.5447761194029851,3,C:\Users\EnesPekdas\Desktop\ARQV2\LAB\Arq-lab\reports\generated-project-dossiers\M-V8-009.md,C:\Users\EnesPekdas\Desktop\ARQV2\LAB\Arq-lab\repositories\payments-mesh-monorepo\validation\runnability-logs,1552,7,0,48,1,0,313,8030
M-V8-010,M8,PASS_WITH_NOISE,PASS_WITH_NOISE,PASS_WITH_NOISE,"build:passed,smoke:passed,test:passed",4,4,0,0,1,0,0,0,0,0,0,1,totallyUnexpectedFindings=1,1 unexpected/noisy finding(s) remained after matching (totally-unexpected=1),False,0.6123924517388475,2,C:\Users\EnesPekdas\Desktop\ARQV2\LAB\Arq-lab\reports\generated-project-dossiers\M-V8-010.md,C:\Users\EnesPekdas\Desktop\ARQV2\LAB\Arq-lab\repositories\control-repo-discovery\validation\runnability-logs,204,13,32,23,2,0,297,8470
M-V8-011,M8,PASS_WITH_NOISE,PASS_WITH_NOISE,PASS_WITH_NOISE,"build:passed,smoke:passed,test:passed",3,3,0,0,5,4,0,0,0,0,0,5,"totallyUnexpectedFindings=5, unexpectedRegexOnlyFindings=4","5 unexpected/noisy finding(s) remained after matching (totally-unexpected=5, regex-only=4)",False,0.5427509293680297,3,C:\Users\EnesPekdas\Desktop\ARQV2\LAB\Arq-lab\reports\generated-project-dossiers\M-V8-011.md,C:\Users\EnesPekdas\Desktop\ARQV2\LAB\Arq-lab\repositories\workspace-shared-libs-mixed\validation\runnability-logs,1553,7,0,49,1,0,366,8030
M-V8-012,M8,PASS_WITH_NOISE,PASS_WITH_NOISE,PASS_WITH_NOISE,"build:passed,smoke:passed,test:passed",3,3,0,0,4,3,0,0,0,0,0,4,"totallyUnexpectedFindings=4, unexpectedRegexOnlyFindings=3","4 unexpected/noisy finding(s) remained after matching (totally-unexpected=4, regex-only=3)",False,0.5438537080934642,3,C:\Users\EnesPekdas\Desktop\ARQV2\LAB\Arq-lab\reports\generated-project-dossiers\M-V8-012.md,C:\Users\EnesPekdas\Desktop\ARQV2\LAB\Arq-lab\repositories\verify-mesh-monorepo\validation\runnability-logs,1557,7,0,47,1,0,334,8030
M-V8-COV-101,M8,FAIL_FN,FAIL_FN,FAIL_FN,"build:passed,smoke:passed,test:passed",23,30,7,0,1,1,0,1,0,0,0,1,"sameFileDifferentSignalFindings=1, unexpectedRegexOnlyFindings=1","7 expected finding(s) were not detected at all; 1 unexpected/noisy finding(s) remained after matching (same-file-different-signal=1, regex-only=1)",False,0.9078404401650619,1,C:\Users\EnesPekdas\Desktop\ARQV2\LAB\Arq-lab\reports\generated-project-dossiers\M-V8-COV-101.md,C:\Users\EnesPekdas\Desktop\ARQV2\LAB\Arq-lab\repositories\quantum-coverage-native-a\validation\runnability-logs,40,11,3,16,2,0,590,6600
M-V8-COV-102,M8,FAIL_FN,FAIL_FN,FAIL_FN,"build:passed,smoke:passed,test:passed",19,30,11,0,1,1,0,1,0,0,0,1,"sameFileDifferentSignalFindings=1, unexpectedRegexOnlyFindings=1","11 expected finding(s) were not detected at all; 1 unexpected/noisy finding(s) remained after matching (same-file-different-signal=1, regex-only=1)",False,0.9097174362508614,1,C:\Users\EnesPekdas\Desktop\ARQV2\LAB\Arq-lab\reports\generated-project-dossiers\M-V8-COV-102.md,C:\Users\EnesPekdas\Desktop\ARQV2\LAB\Arq-lab\repositories\quantum-coverage-native-b\validation\runnability-logs,15,11,3,16,2,0,600,6600
M-V8-COV-103,M8,FAIL_FN,FAIL_FN,FAIL_FN,"build:passed,smoke:passed,test:passed",19,30,11,0,5,0,1,4,0,0,0,5,"sameFileDifferentSignalFindings=4, sameSurfaceExtraFindings=1","11 expected finding(s) were not detected at all; 5 unexpected/noisy finding(s) remained after matching (same-surface-extra=1, same-file-different-signal=4)",False,0.9063444108761329,1,C:\Users\EnesPekdas\Desktop\ARQV2\LAB\Arq-lab\reports\generated-project-dossiers\M-V8-COV-103.md,C:\Users\EnesPekdas\Desktop\ARQV2\LAB\Arq-lab\repositories\quantum-coverage-native-c\validation\runnability-logs,0,11,3,16,2,0,642,6600
M-V8-COV-104,M8,FAIL_FN,FAIL_FN,FAIL_FN,"build:passed,smoke:passed,test:passed",17,30,13,0,2,2,0,2,0,0,0,2,"sameFileDifferentSignalFindings=2, unexpectedRegexOnlyFindings=2","13 expected finding(s) were not detected at all; 2 unexpected/noisy finding(s) remained after matching (same-file-different-signal=2, regex-only=2)",False,0.9090909090909091,1,C:\Users\EnesPekdas\Desktop\ARQV2\LAB\Arq-lab\reports\generated-project-dossiers\M-V8-COV-104.md,C:\Users\EnesPekdas\Desktop\ARQV2\LAB\Arq-lab\repositories\quantum-coverage-native-d\validation\runnability-logs,0,11,3,16,2,0,620,6600
M-V8-COV-105,M8,FAIL_FN,FAIL_FN,FAIL_FN,"build:passed,smoke:passed,test:passed",18,30,12,0,0,0,0,0,0,0,0,0,none,12 expected finding(s) were not detected at all,False,0.9049773755656109,1,C:\Users\EnesPekdas\Desktop\ARQV2\LAB\Arq-lab\reports\generated-project-dossiers\M-V8-COV-105.md,C:\Users\EnesPekdas\Desktop\ARQV2\LAB\Arq-lab\repositories\quantum-coverage-native-e\validation\runnability-logs,0,11,3,16,2,0,653,6600
M-V8-COV-106,M8,FAIL_FN,FAIL_FN,FAIL_FN,"build:passed,smoke:passed,test:passed",14,30,16,0,2,0,2,0,0,0,0,2,sameSurfaceExtraFindings=2,16 expected finding(s) were not detected at all; 2 unexpected/noisy finding(s) remained after matching (same-surface-extra=2),False,0.9063444108761329,1,C:\Users\EnesPekdas\Desktop\ARQV2\LAB\Arq-lab\reports\generated-project-dossiers\M-V8-COV-106.md,C:\Users\EnesPekdas\Desktop\ARQV2\LAB\Arq-lab\repositories\quantum-coverage-native-f\validation\runnability-logs,0,11,3,19,2,0,639,6600
M-V8-COV-107,M8,FAIL_FN,FAIL_FN,FAIL_FN,"build:passed,smoke:passed,test:passed",6,20,14,0,0,0,0,0,0,0,0,0,none,14 expected finding(s) were not detected at all,False,0.9331108329856765,1,C:\Users\EnesPekdas\Desktop\ARQV2\LAB\Arq-lab\reports\generated-project-dossiers\M-V8-COV-107.md,C:\Users\EnesPekdas\Desktop\ARQV2\LAB\Arq-lab\repositories\quantum-coverage-native-g-01\validation\runnability-logs,20,11,3,16,2,0,421,6710
M-V8-COV-108,M8,FAIL_FN,FAIL_FN,FAIL_FN,"build:passed,smoke:passed,test:passed",9,20,11,0,0,0,0,0,0,0,0,0,none,11 expected finding(s) were not detected at all,False,0.934800780161605,1,C:\Users\EnesPekdas\Desktop\ARQV2\LAB\Arq-lab\reports\generated-project-dossiers\M-V8-COV-108.md,C:\Users\EnesPekdas\Desktop\ARQV2\LAB\Arq-lab\repositories\quantum-coverage-native-g-02\validation\runnability-logs,5,11,3,19,2,0,420,6710
M-V8-COV-109,M8,FAIL_FN,FAIL_FN,FAIL_FN,"build:passed,smoke:passed,test:passed",1,9,8,0,0,0,0,0,0,0,0,0,none,8 expected finding(s) were not detected at all,False,0.960969423700155,1,C:\Users\EnesPekdas\Desktop\ARQV2\LAB\Arq-lab\reports\generated-project-dossiers\M-V8-COV-109.md,C:\Users\EnesPekdas\Desktop\ARQV2\LAB\Arq-lab\repositories\quantum-coverage-native-g-03\validation\runnability-logs,0,11,3,16,2,0,237,6820
N-V7-DOCS-001,M7,PASS_CLEAN,PASS_CLEAN,PASS_CLEAN,"build:passed,smoke:passed,test:passed",0,0,0,0,0,0,0,0,0,0,0,0,none,all expected findings matched cleanly with no unexpected noise,False,0.9467574059247398,1,C:\Users\EnesPekdas\Desktop\ARQV2\LAB\Arq-lab\reports\generated-project-dossiers\N-V7-DOCS-001.md,C:\Users\EnesPekdas\Desktop\ARQV2\LAB\Arq-lab\repositories\docs-samples-repo\validation\runnability-logs,85,0,32,13,1,0,120,4730
N-V7-DOCS-005,M7,PASS_CLEAN,PASS_CLEAN,PASS_CLEAN,"build:passed,smoke:passed,test:passed",0,0,0,0,0,0,0,0,0,0,0,0,none,all expected findings matched cleanly with no unexpected noise,False,0.9463785514205683,1,C:\Users\EnesPekdas\Desktop\ARQV2\LAB\Arq-lab\reports\generated-project-dossiers\N-V7-DOCS-005.md,C:\Users\EnesPekdas\Desktop\ARQV2\LAB\Arq-lab\repositories\tutorial-examples-repo\validation\runnability-logs,85,0,32,15,1,0,120,4730
N-V7-DOCS-006,M7,PASS_CLEAN,PASS_CLEAN,PASS_CLEAN,"build:passed,smoke:passed,test:passed",0,0,0,0,0,0,0,0,0,0,0,0,none,all expected findings matched cleanly with no unexpected noise,False,0.9416683257017718,1,C:\Users\EnesPekdas\Desktop\ARQV2\LAB\Arq-lab\reports\generated-project-dossiers\N-V7-DOCS-006.md,C:\Users\EnesPekdas\Desktop\ARQV2\LAB\Arq-lab\repositories\certificate-chain-repo\validation\runnability-logs,85,0,32,40,1,0,120,4730
N-V7-DOCS-009,M7,PASS_CLEAN,PASS_CLEAN,PASS_CLEAN,"build:passed,smoke:passed,test:passed",0,0,0,0,0,0,0,0,0,0,0,0,none,all expected findings matched cleanly with no unexpected noise,False,0.9465679407644587,1,C:\Users\EnesPekdas\Desktop\ARQV2\LAB\Arq-lab\reports\generated-project-dossiers\N-V7-DOCS-009.md,C:\Users\EnesPekdas\Desktop\ARQV2\LAB\Arq-lab\repositories\masked-docs-repo\validation\runnability-logs,85,0,32,14,1,0,120,4730
N-V7-DOCS-010,M7,PASS_CLEAN,PASS_CLEAN,PASS_CLEAN,"build:passed,smoke:passed,test:passed",0,0,0,0,0,0,0,0,0,0,0,0,none,all expected findings matched cleanly with no unexpected noise,False,0.9416683257017718,1,C:\Users\EnesPekdas\Desktop\ARQV2\LAB\Arq-lab\reports\generated-project-dossiers\N-V7-DOCS-010.md,C:\Users\EnesPekdas\Desktop\ARQV2\LAB\Arq-lab\repositories\public-key-docs-repo\validation\runnability-logs,85,0,32,40,1,0,120,4730
N-V7-DOCS-013,M7,PASS_CLEAN,PASS_CLEAN,PASS_CLEAN,"build:passed,smoke:passed,test:passed",0,0,0,0,0,0,0,0,0,0,0,0,none,all expected findings matched cleanly with no unexpected noise,False,0.9433585959313922,1,C:\Users\EnesPekdas\Desktop\ARQV2\LAB\Arq-lab\reports\generated-project-dossiers\N-V7-DOCS-013.md,C:\Users\EnesPekdas\Desktop\ARQV2\LAB\Arq-lab\repositories\docs-jwt-pem-repo\validation\runnability-logs,85,0,32,31,1,0,120,4730
N-V7-SAFE-004,M7,PASS_CLEAN,PASS_CLEAN,PASS_CLEAN,"build:passed,smoke:passed,test:passed",0,0,0,0,0,0,0,0,0,0,0,0,none,all expected findings matched cleanly with no unexpected noise,False,0.9448661606072712,1,C:\Users\EnesPekdas\Desktop\ARQV2\LAB\Arq-lab\reports\generated-project-dossiers\N-V7-SAFE-004.md,C:\Users\EnesPekdas\Desktop\ARQV2\LAB\Arq-lab\repositories\safe-wrapper-playground\validation\runnability-logs,93,0,32,11,1,0,124,4730
N-V7-SAFE-008,M7,PASS_CLEAN,PASS_CLEAN,PASS_CLEAN,"build:passed,smoke:passed,test:passed",0,0,0,0,0,0,0,0,0,0,0,0,none,all expected findings matched cleanly with no unexpected noise,False,0.9456217512994802,1,C:\Users\EnesPekdas\Desktop\ARQV2\LAB\Arq-lab\reports\generated-project-dossiers\N-V7-SAFE-008.md,C:\Users\EnesPekdas\Desktop\ARQV2\LAB\Arq-lab\repositories\masked-placeholder-repo\validation\runnability-logs,89,0,32,12,1,0,123,4730
N-V7-SAFE-012,M7,PASS_CLEAN,PASS_CLEAN,PASS_CLEAN,"build:passed,smoke:passed,test:passed",0,0,0,0,0,0,0,0,0,0,0,0,none,all expected findings matched cleanly with no unexpected noise,False,0.9456217512994802,1,C:\Users\EnesPekdas\Desktop\ARQV2\LAB\Arq-lab\reports\generated-project-dossiers\N-V7-SAFE-012.md,C:\Users\EnesPekdas\Desktop\ARQV2\LAB\Arq-lab\repositories\safe-wrapper-secrets-repo\validation\runnability-logs,89,0,32,12,1,0,123,4730
N-V7-SAFE-016,M7,PASS_CLEAN,PASS_CLEAN,PASS_CLEAN,"build:passed,smoke:passed,test:passed",0,0,0,0,0,0,0,0,0,0,0,0,none,all expected findings matched cleanly with no unexpected noise,False,0.9456217512994802,1,C:\Users\EnesPekdas\Desktop\ARQV2\LAB\Arq-lab\reports\generated-project-dossiers\N-V7-SAFE-016.md,C:\Users\EnesPekdas\Desktop\ARQV2\LAB\Arq-lab\repositories\safe-vault-wrapper-repo\validation\runnability-logs,89,0,32,12,1,0,123,4730
N-V7-TESTS-003,M7,PASS_CLEAN,PASS_CLEAN,PASS_CLEAN,"build:passed,smoke:passed,test:passed",0,0,0,0,0,0,0,0,0,0,0,0,none,all expected findings matched cleanly with no unexpected noise,False,0.9465679407644587,1,C:\Users\EnesPekdas\Desktop\ARQV2\LAB\Arq-lab\reports\generated-project-dossiers\N-V7-TESTS-003.md,C:\Users\EnesPekdas\Desktop\ARQV2\LAB\Arq-lab\repositories\test-mocks-repo\validation\runnability-logs,85,0,32,11,1,3,120,4730
N-V7-TESTS-015,M7,PASS_CLEAN,PASS_CLEAN,PASS_CLEAN,"build:passed,smoke:passed,test:passed",0,0,0,0,0,0,0,0,0,0,0,0,none,all expected findings matched cleanly with no unexpected noise,False,0.9452438049560352,1,C:\Users\EnesPekdas\Desktop\ARQV2\LAB\Arq-lab\reports\generated-project-dossiers\N-V7-TESTS-015.md,C:\Users\EnesPekdas\Desktop\ARQV2\LAB\Arq-lab\repositories\fixtures-mocks-noise-repo\validation\runnability-logs,85,0,35,11,1,4,123,4730
N-V7-VENDOR-002,M7,PASS_CLEAN,PASS_CLEAN,PASS_CLEAN,"build:passed,smoke:passed,test:passed",0,0,0,0,0,0,0,0,0,0,0,0,none,all expected findings matched cleanly with no unexpected noise,False,0.9467574059247398,1,C:\Users\EnesPekdas\Desktop\ARQV2\LAB\Arq-lab\reports\generated-project-dossiers\N-V7-VENDOR-002.md,C:\Users\EnesPekdas\Desktop\ARQV2\LAB\Arq-lab\repositories\vendor-generated-repo\validation\runnability-logs,85,0,32,11,1,0,122,4730
N-V7-VENDOR-007,M7,PASS_CLEAN,PASS_CLEAN,PASS_CLEAN,"build:passed,smoke:passed,test:passed",0,0,0,0,0,0,0,0,0,0,0,0,none,all expected findings matched cleanly with no unexpected noise,False,0.9465679407644587,1,C:\Users\EnesPekdas\Desktop\ARQV2\LAB\Arq-lab\reports\generated-project-dossiers\N-V7-VENDOR-007.md,C:\Users\EnesPekdas\Desktop\ARQV2\LAB\Arq-lab\repositories\bundle-lockfile-repo\validation\runnability-logs,85,0,32,11,1,0,122,4730
N-V7-VENDOR-011,M7,PASS_CLEAN,PASS_CLEAN,PASS_CLEAN,"build:passed,smoke:passed,test:passed",0,0,0,0,0,0,0,0,0,0,0,0,none,all expected findings matched cleanly with no unexpected noise,False,0.9458108378324335,1,C:\Users\EnesPekdas\Desktop\ARQV2\LAB\Arq-lab\reports\generated-project-dossiers\N-V7-VENDOR-011.md,C:\Users\EnesPekdas\Desktop\ARQV2\LAB\Arq-lab\repositories\generated-noise-repo\validation\runnability-logs,85,0,32,11,1,0,127,4730
N-V7-VENDOR-014,M7,PASS_CLEAN,PASS_CLEAN,PASS_CLEAN,"build:passed,smoke:passed,test:passed",0,0,0,0,0,0,0,0,0,0,0,0,none,all expected findings matched cleanly with no unexpected noise,False,0.9458108378324335,1,C:\Users\EnesPekdas\Desktop\ARQV2\LAB\Arq-lab\reports\generated-project-dossiers\N-V7-VENDOR-014.md,C:\Users\EnesPekdas\Desktop\ARQV2\LAB\Arq-lab\repositories\vendor-sourcemap-noise-repo\validation\runnability-logs,85,0,32,11,1,0,127,4730
Q-V3-COV-101,M3,FAIL_FN,FAIL_FN,FAIL_FN,"build:passed,smoke:passed,test:passed",17,25,8,0,3,3,0,3,0,0,0,3,"sameFileDifferentSignalFindings=3, unexpectedRegexOnlyFindings=3","8 expected finding(s) were not detected at all; 3 unexpected/noisy finding(s) remained after matching (same-file-different-signal=3, regex-only=3)",False,0.8872201362814629,2,C:\Users\EnesPekdas\Desktop\ARQV2\LAB\Arq-lab\reports\generated-project-dossiers\Q-V3-COV-101.md,C:\Users\EnesPekdas\Desktop\ARQV2\LAB\Arq-lab\repositories\quantum-coverage-java-a\validation\runnability-logs,315,11,3,16,2,0,456,6380
Q-V3-COV-102,M3,FAIL_FN,FAIL_FN,FAIL_FN,"build:passed,smoke:passed,test:passed",17,25,8,0,30,7,0,30,0,0,0,30,"sameFileDifferentSignalFindings=30, unexpectedRegexOnlyFindings=7","8 expected finding(s) were not detected at all; 30 unexpected/noisy finding(s) remained after matching (same-file-different-signal=30, regex-only=7)",False,0.8845140718147789,2,C:\Users\EnesPekdas\Desktop\ARQV2\LAB\Arq-lab\reports\generated-project-dossiers\Q-V3-COV-102.md,C:\Users\EnesPekdas\Desktop\ARQV2\LAB\Arq-lab\repositories\quantum-coverage-java-b\validation\runnability-logs,393,11,3,16,2,0,400,6380
Q-V3-COV-103,M3,FAIL_FN,FAIL_FN,FAIL_FN,"build:passed,smoke:passed,test:passed",9,25,16,0,15,3,0,15,0,0,0,15,"sameFileDifferentSignalFindings=15, unexpectedRegexOnlyFindings=3","16 expected finding(s) were not detected at all; 15 unexpected/noisy finding(s) remained after matching (same-file-different-signal=15, regex-only=3)",False,0.886726893676164,2,C:\Users\EnesPekdas\Desktop\ARQV2\LAB\Arq-lab\reports\generated-project-dossiers\Q-V3-COV-103.md,C:\Users\EnesPekdas\Desktop\ARQV2\LAB\Arq-lab\repositories\quantum-coverage-csharp-a\validation\runnability-logs,375,11,3,16,2,0,400,6380
Q-V3-COV-104,M3,FAIL_FN,FAIL_FN,FAIL_FN,"build:passed,smoke:passed,test:passed",1,25,24,0,18,7,0,18,0,0,0,18,"sameFileDifferentSignalFindings=18, unexpectedRegexOnlyFindings=7","24 expected finding(s) were not detected at all; 18 unexpected/noisy finding(s) remained after matching (same-file-different-signal=18, regex-only=7)",False,0.8868501529051988,2,C:\Users\EnesPekdas\Desktop\ARQV2\LAB\Arq-lab\reports\generated-project-dossiers\Q-V3-COV-104.md,C:\Users\EnesPekdas\Desktop\ARQV2\LAB\Arq-lab\repositories\quantum-coverage-csharp-b\validation\runnability-logs,360,11,3,16,2,0,414,6380
Q-V3-COV-105,M3,FAIL_FN,FAIL_FN,FAIL_FN,"build:passed,smoke:passed,test:passed",6,30,24,0,1,1,0,1,0,0,0,1,"sameFileDifferentSignalFindings=1, unexpectedRegexOnlyFindings=1","24 expected finding(s) were not detected at all; 1 unexpected/noisy finding(s) remained after matching (same-file-different-signal=1, regex-only=1)",False,0.8692098092643051,2,C:\Users\EnesPekdas\Desktop\ARQV2\LAB\Arq-lab\reports\generated-project-dossiers\Q-V3-COV-105.md,C:\Users\EnesPekdas\Desktop\ARQV2\LAB\Arq-lab\repositories\quantum-coverage-java-c\validation\runnability-logs,455,11,3,16,2,0,465,6380
Q-V3-COV-106,M3,FAIL_FN,FAIL_FN,FAIL_FN,"build:passed,smoke:passed,test:passed",0,30,30,0,0,0,0,0,0,0,0,0,none,30 expected finding(s) were not detected at all,False,0.8620926715248178,2,C:\Users\EnesPekdas\Desktop\ARQV2\LAB\Arq-lab\reports\generated-project-dossiers\Q-V3-COV-106.md,C:\Users\EnesPekdas\Desktop\ARQV2\LAB\Arq-lab\repositories\quantum-coverage-java-d\validation\runnability-logs,270,11,3,16,2,0,693,6270
Q-V3-COV-107,M3,FAIL_FN,FAIL_FN,FAIL_FN,"build:passed,smoke:passed,test:passed",1,30,29,0,19,2,0,19,0,0,0,19,"sameFileDifferentSignalFindings=19, unexpectedRegexOnlyFindings=2","29 expected finding(s) were not detected at all; 19 unexpected/noisy finding(s) remained after matching (same-file-different-signal=19, regex-only=2)",False,0.8701582105837425,2,C:\Users\EnesPekdas\Desktop\ARQV2\LAB\Arq-lab\reports\generated-project-dossiers\Q-V3-COV-107.md,C:\Users\EnesPekdas\Desktop\ARQV2\LAB\Arq-lab\repositories\quantum-coverage-csharp-c\validation\runnability-logs,405,11,3,16,2,0,507,6380
Q-V3-COV-108,M3,FAIL_FN,FAIL_FN,FAIL_FN,"build:passed,smoke:passed,test:passed",0,30,30,0,0,0,0,0,0,0,0,0,none,30 expected finding(s) were not detected at all,False,0.8750514332738993,2,C:\Users\EnesPekdas\Desktop\ARQV2\LAB\Arq-lab\reports\generated-project-dossiers\Q-V3-COV-108.md,C:\Users\EnesPekdas\Desktop\ARQV2\LAB\Arq-lab\repositories\quantum-coverage-java-e\validation\runnability-logs,302,11,3,16,2,0,569,6380
Q-V3-COV-109,M3,FAIL_FN,FAIL_FN,FAIL_FN,"build:passed,smoke:passed,test:passed",0,20,20,0,0,0,0,0,0,0,0,0,none,20 expected finding(s) were not detected at all,False,0.9052866508578602,2,C:\Users\EnesPekdas\Desktop\ARQV2\LAB\Arq-lab\reports\generated-project-dossiers\Q-V3-COV-109.md,C:\Users\EnesPekdas\Desktop\ARQV2\LAB\Arq-lab\repositories\quantum-coverage-java-f-01\validation\runnability-logs,304,11,3,16,2,0,335,6490
Q-V3-COV-110,M3,FAIL_FN,FAIL_FN,FAIL_FN,"build:passed,smoke:passed,test:passed",2,20,18,0,6,0,0,6,0,0,0,6,sameFileDifferentSignalFindings=6,18 expected finding(s) were not detected at all; 6 unexpected/noisy finding(s) remained after matching (same-file-different-signal=6),False,0.9046557011430164,2,C:\Users\EnesPekdas\Desktop\ARQV2\LAB\Arq-lab\reports\generated-project-dossiers\Q-V3-COV-110.md,C:\Users\EnesPekdas\Desktop\ARQV2\LAB\Arq-lab\repositories\quantum-coverage-java-f-02\validation\runnability-logs,309,11,3,16,2,0,335,6490
Q-V3-COV-111,M3,FAIL_FN,FAIL_FN,FAIL_FN,"build:passed,smoke:passed,test:passed",0,3,3,0,0,0,0,0,0,0,0,0,none,3 expected finding(s) were not detected at all,False,0.9715099715099715,1,C:\Users\EnesPekdas\Desktop\ARQV2\LAB\Arq-lab\reports\generated-project-dossiers\Q-V3-COV-111.md,C:\Users\EnesPekdas\Desktop\ARQV2\LAB\Arq-lab\repositories\quantum-coverage-java-f-03\validation\runnability-logs,46,11,3,16,2,0,114,6820
Q-V3-COV-112,M3,FAIL_FN,FAIL_FN,FAIL_FN,"build:passed,smoke:passed,test:passed",0,20,20,0,1,1,0,1,0,0,0,1,"sameFileDifferentSignalFindings=1, unexpectedRegexOnlyFindings=1","20 expected finding(s) were not detected at all; 1 unexpected/noisy finding(s) remained after matching (same-file-different-signal=1, regex-only=1)",False,0.9057920446615492,2,C:\Users\EnesPekdas\Desktop\ARQV2\LAB\Arq-lab\reports\generated-project-dossiers\Q-V3-COV-112.md,C:\Users\EnesPekdas\Desktop\ARQV2\LAB\Arq-lab\repositories\quantum-coverage-csharp-d-01\validation\runnability-logs,300,11,3,16,2,0,335,6490
Q-V3-COV-113,M3,FAIL_FN,FAIL_FN,FAIL_FN,"build:passed,smoke:passed,test:passed",0,20,20,0,0,0,0,0,0,0,0,0,none,20 expected finding(s) were not detected at all,False,0.9056656433156572,2,C:\Users\EnesPekdas\Desktop\ARQV2\LAB\Arq-lab\reports\generated-project-dossiers\Q-V3-COV-113.md,C:\Users\EnesPekdas\Desktop\ARQV2\LAB\Arq-lab\repositories\quantum-coverage-csharp-d-02\validation\runnability-logs,301,11,3,16,2,0,335,6490
Q-V3-COV-114,M3,FAIL_FN,FAIL_FN,FAIL_FN,"build:passed,smoke:passed,test:passed",0,20,20,0,0,0,0,0,0,0,0,0,none,20 expected finding(s) were not detected at all,False,0.905160390516039,2,C:\Users\EnesPekdas\Desktop\ARQV2\LAB\Arq-lab\reports\generated-project-dossiers\Q-V3-COV-114.md,C:\Users\EnesPekdas\Desktop\ARQV2\LAB\Arq-lab\repositories\quantum-coverage-csharp-d-03\validation\runnability-logs,305,11,3,16,2,0,335,6490
Q-V3-COV-115,M3,FAIL_FN,FAIL_FN,FAIL_FN,"build:passed,smoke:passed,test:passed",0,13,13,0,0,0,0,0,0,0,0,0,none,13 expected finding(s) were not detected at all,False,0.9339182114051224,1,C:\Users\EnesPekdas\Desktop\ARQV2\LAB\Arq-lab\reports\generated-project-dossiers\Q-V3-COV-115.md,C:\Users\EnesPekdas\Desktop\ARQV2\LAB\Arq-lab\repositories\quantum-coverage-csharp-d-04\validation\runnability-logs,165,11,3,16,2,0,244,6600
Q-V3-CS-003,M3,PASS_WITH_NOISE,PASS_WITH_NOISE,PASS_WITH_NOISE,"build:passed,smoke:passed,test:passed",3,3,0,0,1,1,0,0,0,0,0,1,"totallyUnexpectedFindings=1, unexpectedRegexOnlyFindings=1","1 unexpected/noisy finding(s) remained after matching (totally-unexpected=1, regex-only=1)",False,0.9599365331217771,1,C:\Users\EnesPekdas\Desktop\ARQV2\LAB\Arq-lab\reports\generated-project-dossiers\Q-V3-CS-003.md,C:\Users\EnesPekdas\Desktop\ARQV2\LAB\Arq-lab\repositories\billing-sdk-csharp\validation\runnability-logs,11,0,2,11,0,0,168,4840
Q-V3-CS-004,M3,PASS_CLEAN,PASS_CLEAN,PASS_CLEAN,"build:passed,smoke:passed,test:passed",1,1,0,0,0,0,0,0,0,0,0,0,none,all expected findings matched cleanly with no unexpected noise,False,0.9668397922493008,1,C:\Users\EnesPekdas\Desktop\ARQV2\LAB\Arq-lab\reports\generated-project-dossiers\Q-V3-CS-004.md,C:\Users\EnesPekdas\Desktop\ARQV2\LAB\Arq-lab\repositories\crypto-usage-csharp\validation\runnability-logs,10,0,2,12,0,0,132,4840
Q-V3-CS-005,M3,PASS_CLEAN,PASS_CLEAN,PASS_CLEAN,"build:passed,smoke:passed,test:passed",2,2,0,0,0,0,0,0,0,0,0,0,none,all expected findings matched cleanly with no unexpected noise,False,0.9641434262948207,1,C:\Users\EnesPekdas\Desktop\ARQV2\LAB\Arq-lab\reports\generated-project-dossiers\Q-V3-CS-005.md,C:\Users\EnesPekdas\Desktop\ARQV2\LAB\Arq-lab\repositories\inventory-runtime-csharp\validation\runnability-logs,10,0,2,11,0,0,147,4840
Q-V3-JAVA-001,M3,PASS_CLEAN,PASS_CLEAN,PASS_CLEAN,"build:passed,smoke:passed,test:passed",4,4,0,0,0,0,0,0,0,0,0,0,none,all expected findings matched cleanly with no unexpected noise,False,0.6951026856240127,3,C:\Users\EnesPekdas\Desktop\ARQV2\LAB\Arq-lab\reports\generated-project-dossiers\Q-V3-JAVA-001.md,C:\Users\EnesPekdas\Desktop\ARQV2\LAB\Arq-lab\repositories\identity-gateway-java\validation\runnability-logs,1218,3,104,11,1,0,180,3520
Q-V3-JAVA-002,M3,PASS_CLEAN,PASS_CLEAN,PASS_CLEAN,"build:passed,smoke:passed,test:passed",3,3,0,0,0,0,0,0,0,0,0,0,none,all expected findings matched cleanly with no unexpected noise,False,0.6992451330949543,3,C:\Users\EnesPekdas\Desktop\ARQV2\LAB\Arq-lab\reports\generated-project-dossiers\Q-V3-JAVA-002.md,C:\Users\EnesPekdas\Desktop\ARQV2\LAB\Arq-lab\repositories\legacy-payment-crypto-java\validation\runnability-logs,1215,3,104,11,1,0,153,3520
Q-V3-JAVA-004,M3,PASS_CLEAN,PASS_CLEAN,PASS_CLEAN,"build:passed,smoke:passed,test:passed",1,1,0,0,0,0,0,0,0,0,0,0,none,all expected findings matched cleanly with no unexpected noise,False,0.7047047047047047,3,C:\Users\EnesPekdas\Desktop\ARQV2\LAB\Arq-lab\reports\generated-project-dossiers\Q-V3-JAVA-004.md,C:\Users\EnesPekdas\Desktop\ARQV2\LAB\Arq-lab\repositories\crypto-import-only-java\validation\runnability-logs,1212,3,104,11,1,0,117,3520
Q-V3-JAVA-005,M3,PASS_CLEAN,PASS_CLEAN,PASS_CLEAN,"build:passed,smoke:passed,test:passed",1,1,0,0,0,0,0,0,0,0,0,0,none,all expected findings matched cleanly with no unexpected noise,False,0.7045636509207366,3,C:\Users\EnesPekdas\Desktop\ARQV2\LAB\Arq-lab\reports\generated-project-dossiers\Q-V3-JAVA-005.md,C:\Users\EnesPekdas\Desktop\ARQV2\LAB\Arq-lab\repositories\crypto-usage-java\validation\runnability-logs,1212,3,104,12,1,0,117,3520
Q-V3-JAVA-006,M3,PASS_CLEAN,PASS_CLEAN,PASS_CLEAN,"build:passed,smoke:passed,test:passed",1,1,0,0,0,0,0,0,0,0,0,0,none,all expected findings matched cleanly with no unexpected noise,False,0.7047047047047047,3,C:\Users\EnesPekdas\Desktop\ARQV2\LAB\Arq-lab\reports\generated-project-dossiers\Q-V3-JAVA-006.md,C:\Users\EnesPekdas\Desktop\ARQV2\LAB\Arq-lab\repositories\safe-wrapper-java\validation\runnability-logs,1211,3,104,12,1,0,117,3520
Q-V3-JAVA-007,M3,PASS_CLEAN,PASS_CLEAN,PASS_CLEAN,"build:passed,smoke:passed,test:passed",1,1,0,0,0,0,0,0,0,0,0,0,none,all expected findings matched cleanly with no unexpected noise,False,0.7041408281656332,3,C:\Users\EnesPekdas\Desktop\ARQV2\LAB\Arq-lab\reports\generated-project-dossiers\Q-V3-JAVA-007.md,C:\Users\EnesPekdas\Desktop\ARQV2\LAB\Arq-lab\repositories\helper-return-java\validation\runnability-logs,1221,3,104,12,1,0,111,3520
Q-V3-JAVA-008,M3,PASS_CLEAN,PASS_CLEAN,PASS_CLEAN,"build:passed,smoke:passed,test:passed",1,1,0,0,0,0,0,0,0,0,0,0,none,all expected findings matched cleanly with no unexpected noise,False,0.7056936647955092,3,C:\Users\EnesPekdas\Desktop\ARQV2\LAB\Arq-lab\reports\generated-project-dossiers\Q-V3-JAVA-008.md,C:\Users\EnesPekdas\Desktop\ARQV2\LAB\Arq-lab\repositories\scary-wrapper-java\validation\runnability-logs,1211,3,104,11,1,0,111,3520
Q-V4-COV-101,M4,FAIL_FN,FAIL_FN,FAIL_FN,"build:passed,smoke:passed,test:passed",9,20,11,0,81,67,0,81,0,0,0,81,"sameFileDifferentSignalFindings=81, unexpectedRegexOnlyFindings=67","11 expected finding(s) were not detected at all; 81 unexpected/noisy finding(s) remained after matching (same-file-different-signal=81, regex-only=67)",False,0.901138572618717,2,C:\Users\EnesPekdas\Desktop\ARQV2\LAB\Arq-lab\reports\generated-project-dossiers\Q-V4-COV-101.md,C:\Users\EnesPekdas\Desktop\ARQV2\LAB\Arq-lab\repositories\quantum-coverage-python-a\validation\runnability-logs,323,11,3,16,2,0,349,6490
Q-V4-COV-102,M4,FAIL_FN,FAIL_FN,FAIL_FN,"build:passed,smoke:passed,test:passed",3,20,17,0,114,96,0,114,0,0,0,114,"sameFileDifferentSignalFindings=114, unexpectedRegexOnlyFindings=96","17 expected finding(s) were not detected at all; 114 unexpected/noisy finding(s) remained after matching (same-file-different-signal=114, regex-only=96)",False,0.9007633587786259,2,C:\Users\EnesPekdas\Desktop\ARQV2\LAB\Arq-lab\reports\generated-project-dossiers\Q-V4-COV-102.md,C:\Users\EnesPekdas\Desktop\ARQV2\LAB\Arq-lab\repositories\quantum-coverage-python-b\validation\runnability-logs,340,11,3,16,2,0,335,6490
Q-V4-COV-103,M4,FAIL_FN,FAIL_FN,FAIL_FN,"build:passed,smoke:passed,test:passed",18,30,12,0,0,0,0,0,0,0,0,0,none,12 expected finding(s) were not detected at all,False,0.8908716540837337,1,C:\Users\EnesPekdas\Desktop\ARQV2\LAB\Arq-lab\reports\generated-project-dossiers\Q-V4-COV-103.md,C:\Users\EnesPekdas\Desktop\ARQV2\LAB\Arq-lab\repositories\quantum-coverage-polyglot-web\validation\runnability-logs,210,11,3,16,2,0,545,6490
Q-V4-COV-104,M4,FAIL_FN,FAIL_FN,FAIL_FN,"build:passed,smoke:passed,test:passed",1,30,29,0,155,138,0,155,0,0,0,155,"sameFileDifferentSignalFindings=155, unexpectedRegexOnlyFindings=138","29 expected finding(s) were not detected at all; 155 unexpected/noisy finding(s) remained after matching (same-file-different-signal=155, regex-only=138)",False,0.8617372182517867,2,C:\Users\EnesPekdas\Desktop\ARQV2\LAB\Arq-lab\reports\generated-project-dossiers\Q-V4-COV-104.md,C:\Users\EnesPekdas\Desktop\ARQV2\LAB\Arq-lab\repositories\quantum-coverage-python-c\validation\runnability-logs,459,11,3,16,2,0,507,6270
Q-V4-COV-105,M4,FAIL_FN,FAIL_FN,FAIL_FN,"build:passed,smoke:passed,test:passed",3,20,17,0,70,61,0,70,0,0,0,70,"sameFileDifferentSignalFindings=70, unexpectedRegexOnlyFindings=61","17 expected finding(s) were not detected at all; 70 unexpected/noisy finding(s) remained after matching (same-file-different-signal=70, regex-only=61)",False,0.9007633587786259,2,C:\Users\EnesPekdas\Desktop\ARQV2\LAB\Arq-lab\reports\generated-project-dossiers\Q-V4-COV-105.md,C:\Users\EnesPekdas\Desktop\ARQV2\LAB\Arq-lab\repositories\quantum-coverage-python-d-01\validation\runnability-logs,340,11,3,16,2,0,335,6490
Q-V4-COV-106,M4,FAIL_FN,FAIL_FN,FAIL_FN,"build:passed,smoke:passed,test:passed",14,20,6,0,164,164,0,164,0,0,0,164,"sameFileDifferentSignalFindings=164, unexpectedRegexOnlyFindings=164","6 expected finding(s) were not detected at all; 164 unexpected/noisy finding(s) remained after matching (same-file-different-signal=164, regex-only=164)",False,0.9003884572697003,2,C:\Users\EnesPekdas\Desktop\ARQV2\LAB\Arq-lab\reports\generated-project-dossiers\Q-V4-COV-106.md,C:\Users\EnesPekdas\Desktop\ARQV2\LAB\Arq-lab\repositories\quantum-coverage-python-d-02\validation\runnability-logs,343,11,3,16,2,0,335,6490
Q-V4-COV-107,M4,FAIL_FN,FAIL_FN,FAIL_FN,"build:passed,smoke:passed,test:passed",17,20,3,0,127,127,0,127,0,0,0,127,"sameFileDifferentSignalFindings=127, unexpectedRegexOnlyFindings=127","3 expected finding(s) were not detected at all; 127 unexpected/noisy finding(s) remained after matching (same-file-different-signal=127, regex-only=127)",False,0.9003884572697003,2,C:\Users\EnesPekdas\Desktop\ARQV2\LAB\Arq-lab\reports\generated-project-dossiers\Q-V4-COV-107.md,C:\Users\EnesPekdas\Desktop\ARQV2\LAB\Arq-lab\repositories\quantum-coverage-python-d-03\validation\runnability-logs,343,11,3,16,2,0,335,6490
Q-V4-COV-108,M4,FAIL_FN,FAIL_FN,FAIL_FN,"build:passed,smoke:passed,test:passed",8,18,10,0,258,258,0,258,0,0,0,258,"sameFileDifferentSignalFindings=258, unexpectedRegexOnlyFindings=258","10 expected finding(s) were not detected at all; 258 unexpected/noisy finding(s) remained after matching (same-file-different-signal=258, regex-only=258)",False,0.9097280627978693,2,C:\Users\EnesPekdas\Desktop\ARQV2\LAB\Arq-lab\reports\generated-project-dossiers\Q-V4-COV-108.md,C:\Users\EnesPekdas\Desktop\ARQV2\LAB\Arq-lab\repositories\quantum-coverage-python-d-04\validation\runnability-logs,289,11,3,22,2,0,309,6490
Q-V4-COV-109,M4,FAIL_FN,FAIL_FN,FAIL_FN,"build:passed,smoke:passed,test:passed",8,15,7,0,0,0,0,0,0,0,0,0,none,7 expected finding(s) were not detected at all,False,0.9370199692780338,1,C:\Users\EnesPekdas\Desktop\ARQV2\LAB\Arq-lab\reports\generated-project-dossiers\Q-V4-COV-109.md,C:\Users\EnesPekdas\Desktop\ARQV2\LAB\Arq-lab\repositories\quantum-coverage-go-b-01\validation\runnability-logs,120,11,3,16,2,0,291,6710
Q-V4-GO-002,M4,PASS_CLEAN,PASS_CLEAN,PASS_CLEAN,"build:passed,smoke:passed,test:passed",2,2,0,0,0,0,0,0,0,0,0,0,none,all expected findings matched cleanly with no unexpected noise,False,0.9542586750788643,1,C:\Users\EnesPekdas\Desktop\ARQV2\LAB\Arq-lab\reports\generated-project-dossiers\Q-V4-GO-002.md,C:\Users\EnesPekdas\Desktop\ARQV2\LAB\Arq-lab\repositories\device-provisioning-go\validation\runnability-logs,68,0,0,11,0,0,142,4840
Q-V4-GO-003,M4,PASS_CLEAN,PASS_CLEAN,PASS_CLEAN,"build:passed,smoke:passed,test:passed",2,2,0,0,0,0,0,0,0,0,0,0,none,all expected findings matched cleanly with no unexpected noise,False,0.9540705696826336,1,C:\Users\EnesPekdas\Desktop\ARQV2\LAB\Arq-lab\reports\generated-project-dossiers\Q-V4-GO-003.md,C:\Users\EnesPekdas\Desktop\ARQV2\LAB\Arq-lab\repositories\crypto-runtime-go\validation\runnability-logs,68,0,0,12,0,0,142,4840
Q-V4-GO-004,M4,PASS_CLEAN,PASS_CLEAN,PASS_CLEAN,"build:passed,smoke:passed,test:passed",1,1,0,0,0,0,0,0,0,0,0,0,none,all expected findings matched cleanly with no unexpected noise,False,0.9568999604586793,1,C:\Users\EnesPekdas\Desktop\ARQV2\LAB\Arq-lab\reports\generated-project-dossiers\Q-V4-GO-004.md,C:\Users\EnesPekdas\Desktop\ARQV2\LAB\Arq-lab\repositories\hash-helper-go\validation\runnability-logs,74,0,0,12,0,0,121,4840
Q-V4-PY-001,M4,PASS_CLEAN,PASS_CLEAN,PASS_CLEAN,"build:passed,smoke:passed,test:passed",2,2,0,0,0,0,0,0,0,0,0,0,none,all expected findings matched cleanly with no unexpected noise,False,0.9355221518987342,1,C:\Users\EnesPekdas\Desktop\ARQV2\LAB\Arq-lab\reports\generated-project-dossiers\Q-V4-PY-001.md,C:\Users\EnesPekdas\Desktop\ARQV2\LAB\Arq-lab\repositories\notification-signer-python\validation\runnability-logs,98,0,32,11,1,0,169,4730
Q-V4-PY-004,M4,PASS_CLEAN,PASS_CLEAN,PASS_CLEAN,"build:passed,smoke:passed,test:passed",1,1,0,0,0,0,0,0,0,0,0,0,none,all expected findings matched cleanly with no unexpected noise,False,0.9394240317775571,1,C:\Users\EnesPekdas\Desktop\ARQV2\LAB\Arq-lab\reports\generated-project-dossiers\Q-V4-PY-004.md,C:\Users\EnesPekdas\Desktop\ARQV2\LAB\Arq-lab\repositories\wrapper-safe-python\validation\runnability-logs,98,0,32,11,1,0,148,4730
Q-V4-PY-005,M4,PASS_CLEAN,PASS_CLEAN,PASS_CLEAN,"build:passed,smoke:passed,test:passed",1,1,0,0,0,0,0,0,0,0,0,0,none,all expected findings matched cleanly with no unexpected noise,False,0.9394240317775571,1,C:\Users\EnesPekdas\Desktop\ARQV2\LAB\Arq-lab\reports\generated-project-dossiers\Q-V4-PY-005.md,C:\Users\EnesPekdas\Desktop\ARQV2\LAB\Arq-lab\repositories\crypto-usage-python\validation\runnability-logs,97,0,32,12,1,0,148,4730
Q-V4-PY-006,M4,PASS_CLEAN,PASS_CLEAN,PASS_CLEAN,"build:passed,smoke:passed,test:passed",1,1,0,0,0,0,0,0,0,0,0,0,none,all expected findings matched cleanly with no unexpected noise,False,0.9407319013524265,1,C:\Users\EnesPekdas\Desktop\ARQV2\LAB\Arq-lab\reports\generated-project-dossiers\Q-V4-PY-006.md,C:\Users\EnesPekdas\Desktop\ARQV2\LAB\Arq-lab\repositories\hash-wrapper-python\validation\runnability-logs,97,0,32,11,1,0,142,4730
Q-V4-TS-003,M4,PASS_CLEAN,PASS_CLEAN,PASS_CLEAN,"build:passed,smoke:passed,test:passed",2,2,0,0,0,0,0,0,0,0,0,0,none,all expected findings matched cleanly with no unexpected noise,False,0.4866767219708396,1,C:\Users\EnesPekdas\Desktop\ARQV2\LAB\Arq-lab\reports\generated-project-dossiers\Q-V4-TS-003.md,C:\Users\EnesPekdas\Desktop\ARQV2\LAB\Arq-lab\repositories\customer-portal-node\validation\runnability-logs,26,0,16,11,1,0,260,4840
Q-V4-TS-005,M4,PASS_CLEAN,PASS_CLEAN,PASS_CLEAN,"build:passed,smoke:passed,test:passed",1,1,0,0,0,0,0,0,0,0,0,0,none,all expected findings matched cleanly with no unexpected noise,False,0.48760830143058637,1,C:\Users\EnesPekdas\Desktop\ARQV2\LAB\Arq-lab\reports\generated-project-dossiers\Q-V4-TS-005.md,C:\Users\EnesPekdas\Desktop\ARQV2\LAB\Arq-lab\repositories\crypto-builder-node\validation\runnability-logs,27,0,16,11,1,0,240,4840
Q-V4-TS-006,M4,PASS_CLEAN,PASS_CLEAN,PASS_CLEAN,"build:passed,smoke:passed,test:passed",1,1,0,0,0,0,0,0,0,0,0,0,none,all expected findings matched cleanly with no unexpected noise,False,0.4845814977973568,1,C:\Users\EnesPekdas\Desktop\ARQV2\LAB\Arq-lab\reports\generated-project-dossiers\Q-V4-TS-006.md,C:\Users\EnesPekdas\Desktop\ARQV2\LAB\Arq-lab\repositories\hash-destructure-node\validation\runnability-logs,28,0,16,11,1,0,301,4840
Q-V5-JAVA-001,M5,PASS_CLEAN,PASS_CLEAN,PASS_CLEAN,"build:passed,smoke:passed,test:passed",2,2,0,0,0,0,0,0,0,0,0,0,none,all expected findings matched cleanly with no unexpected noise,False,0.7030157779109247,3,C:\Users\EnesPekdas\Desktop\ARQV2\LAB\Arq-lab\reports\generated-project-dossiers\Q-V5-JAVA-001.md,C:\Users\EnesPekdas\Desktop\ARQV2\LAB\Arq-lab\repositories\partner-client-java\validation\runnability-logs,1209,3,104,11,1,0,132,3520
Q-V5-JAVA-003,M5,PASS_CLEAN,PASS_CLEAN,PASS_CLEAN,"build:passed,smoke:passed,test:passed",2,2,0,0,0,0,0,0,0,0,0,0,none,all expected findings matched cleanly with no unexpected noise,False,0.7007764284292256,3,C:\Users\EnesPekdas\Desktop\ARQV2\LAB\Arq-lab\reports\generated-project-dossiers\Q-V5-JAVA-003.md,C:\Users\EnesPekdas\Desktop\ARQV2\LAB\Arq-lab\repositories\gateway-config-java\validation\runnability-logs,1237,9,104,11,1,0,114,3520
Q-V5-JAVA-004,M5,PASS_CLEAN,PASS_CLEAN,PASS_CLEAN,"build:passed,smoke:passed,test:passed",2,2,0,0,0,0,0,0,0,0,0,0,none,all expected findings matched cleanly with no unexpected noise,False,0.6985512998610836,3,C:\Users\EnesPekdas\Desktop\ARQV2\LAB\Arq-lab\reports\generated-project-dossiers\Q-V5-JAVA-004.md,C:\Users\EnesPekdas\Desktop\ARQV2\LAB\Arq-lab\repositories\tls-builder-chain-java\validation\runnability-logs,1241,3,104,11,1,0,132,3520
Q-V5-JAVA-005,M5,PASS_CLEAN,PASS_CLEAN,PASS_CLEAN,"build:passed,smoke:passed,test:passed",2,2,0,0,0,0,0,0,0,0,0,0,none,all expected findings matched cleanly with no unexpected noise,False,0.6975822433610781,3,C:\Users\EnesPekdas\Desktop\ARQV2\LAB\Arq-lab\reports\generated-project-dossiers\Q-V5-JAVA-005.md,C:\Users\EnesPekdas\Desktop\ARQV2\LAB\Arq-lab\repositories\tls-helper-chain-java\validation\runnability-logs,1247,3,104,12,1,0,132,3520
Q-V5-JAVA-006,M5,PASS_CLEAN,PASS_CLEAN,PASS_CLEAN,"build:passed,smoke:passed,test:passed",1,1,0,0,0,0,0,0,0,0,0,0,none,all expected findings matched cleanly with no unexpected noise,False,0.7030157779109247,3,C:\Users\EnesPekdas\Desktop\ARQV2\LAB\Arq-lab\reports\generated-project-dossiers\Q-V5-JAVA-006.md,C:\Users\EnesPekdas\Desktop\ARQV2\LAB\Arq-lab\repositories\safe-wrapper-tls-java\validation\runnability-logs,1223,3,104,12,1,0,117,3520
Q-V5-JAVA-007,M5,PASS_CLEAN,PASS_CLEAN,PASS_CLEAN,"build:passed,smoke:passed,test:passed",2,2,0,0,0,0,0,0,0,0,0,0,none,all expected findings matched cleanly with no unexpected noise,False,0.697444026154151,3,C:\Users\EnesPekdas\Desktop\ARQV2\LAB\Arq-lab\reports\generated-project-dossiers\Q-V5-JAVA-007.md,C:\Users\EnesPekdas\Desktop\ARQV2\LAB\Arq-lab\repositories\tls-builder-nested-java\validation\runnability-logs,1255,3,104,11,1,0,126,3520
Q-V5-JAVA-008,M5,PASS_CLEAN,PASS_CLEAN,PASS_CLEAN,"build:passed,smoke:passed,test:passed",0,0,0,0,0,0,0,0,0,0,0,0,none,all expected findings matched cleanly with no unexpected noise,False,0.7086772699818804,3,C:\Users\EnesPekdas\Desktop\ARQV2\LAB\Arq-lab\reports\generated-project-dossiers\Q-V5-JAVA-008.md,C:\Users\EnesPekdas\Desktop\ARQV2\LAB\Arq-lab\repositories\safe-trustall-java\validation\runnability-logs,1207,3,104,12,1,0,93,3520
Q-V5-PY-002,M5,PASS_CLEAN,PASS_CLEAN,PASS_CLEAN,"build:passed,smoke:passed,test:passed",2,2,0,0,0,0,0,0,0,0,0,0,none,all expected findings matched cleanly with no unexpected noise,False,0.9370047543581617,1,C:\Users\EnesPekdas\Desktop\ARQV2\LAB\Arq-lab\reports\generated-project-dossiers\Q-V5-PY-002.md,C:\Users\EnesPekdas\Desktop\ARQV2\LAB\Arq-lab\repositories\data-sync-python\validation\runnability-logs,95,0,32,11,1,0,164,4730
Q-V5-PY-003,M5,PASS_CLEAN,PASS_CLEAN,PASS_CLEAN,"build:passed,smoke:passed,test:passed",1,1,0,0,0,0,0,0,0,0,0,0,none,all expected findings matched cleanly with no unexpected noise,False,0.9401709401709402,1,C:\Users\EnesPekdas\Desktop\ARQV2\LAB\Arq-lab\reports\generated-project-dossiers\Q-V5-PY-003.md,C:\Users\EnesPekdas\Desktop\ARQV2\LAB\Arq-lab\repositories\tls-usage-python\validation\runnability-logs,89,0,34,15,1,0,147,4730
Q-V5-PY-004,M5,PASS_CLEAN,PASS_CLEAN,PASS_CLEAN,"build:passed,smoke:passed,test:passed",1,1,0,0,0,0,0,0,0,0,0,0,none,all expected findings matched cleanly with no unexpected noise,False,0.9401709401709402,1,C:\Users\EnesPekdas\Desktop\ARQV2\LAB\Arq-lab\reports\generated-project-dossiers\Q-V5-PY-004.md,C:\Users\EnesPekdas\Desktop\ARQV2\LAB\Arq-lab\repositories\tls-kwargs-python\validation\runnability-logs,99,0,32,13,1,0,141,4730
Q-V6-CONFIG-003,M6,PASS_CLEAN,PASS_CLEAN,PASS_CLEAN,"build:passed,smoke:passed,test:passed",3,3,0,0,0,0,0,0,0,0,0,0,none,all expected findings matched cleanly with no unexpected noise,False,0.9637594583831143,1,C:\Users\EnesPekdas\Desktop\ARQV2\LAB\Arq-lab\reports\generated-project-dossiers\Q-V6-CONFIG-003.md,C:\Users\EnesPekdas\Desktop\ARQV2\LAB\Arq-lab\repositories\edge-gateway-config\validation\runnability-logs,0,7,2,11,2,0,150,4840
Q-V6-CONFIG-004,M6,PASS_CLEAN,PASS_CLEAN,PASS_CLEAN,"build:passed,smoke:passed,test:passed",2,2,0,0,0,0,0,0,0,0,0,0,none,all expected findings matched cleanly with no unexpected noise,False,0.9660678642714571,1,C:\Users\EnesPekdas\Desktop\ARQV2\LAB\Arq-lab\reports\generated-project-dossiers\Q-V6-CONFIG-004.md,C:\Users\EnesPekdas\Desktop\ARQV2\LAB\Arq-lab\repositories\runtime-config-separation\validation\runnability-logs,0,7,3,13,2,0,135,4840
Q-V6-CONFIG-005,M6,PASS_CLEAN,PASS_CLEAN,PASS_CLEAN,"build:passed,smoke:passed,test:passed",2,2,0,0,0,0,0,0,0,0,0,0,none,all expected findings matched cleanly with no unexpected noise,False,0.9660678642714571,1,C:\Users\EnesPekdas\Desktop\ARQV2\LAB\Arq-lab\reports\generated-project-dossiers\Q-V6-CONFIG-005.md,C:\Users\EnesPekdas\Desktop\ARQV2\LAB\Arq-lab\repositories\live-overlay-config-matrix\validation\runnability-logs,0,6,3,16,2,0,135,4840
Q-V6-CONFIG-006,M6,PASS_CLEAN,PASS_CLEAN,PASS_CLEAN,"build:passed,smoke:passed,test:passed",3,3,0,0,0,0,0,0,0,0,0,0,none,all expected findings matched cleanly with no unexpected noise,False,0.9618441971383148,1,C:\Users\EnesPekdas\Desktop\ARQV2\LAB\Arq-lab\reports\generated-project-dossiers\Q-V6-CONFIG-006.md,C:\Users\EnesPekdas\Desktop\ARQV2\LAB\Arq-lab\repositories\overlay-matrix-config\validation\runnability-logs,0,7,3,14,2,0,156,4840
Q-V6-COV-101,M6,FAIL_FN,FAIL_FN,FAIL_FN,"build:passed,smoke:passed,test:passed",9,20,11,0,1,0,1,0,0,0,0,1,sameSurfaceExtraFindings=1,11 expected finding(s) were not detected at all; 1 unexpected/noisy finding(s) remained after matching (same-surface-extra=1),False,0.9327217125382263,1,C:\Users\EnesPekdas\Desktop\ARQV2\LAB\Arq-lab\reports\generated-project-dossiers\Q-V6-COV-101.md,C:\Users\EnesPekdas\Desktop\ARQV2\LAB\Arq-lab\repositories\quantum-coverage-config\validation\runnability-logs,0,112,3,16,2,0,343,6710
Q-V6-COV-102,M6,FAIL_FN,FAIL_FN,FAIL_FN,"build:passed,smoke:passed,test:passed",0,1,1,0,0,0,0,0,0,0,0,0,none,1 expected finding(s) were not detected at all,False,0.9808715662304042,1,C:\Users\EnesPekdas\Desktop\ARQV2\LAB\Arq-lab\reports\generated-project-dossiers\Q-V6-COV-102.md,C:\Users\EnesPekdas\Desktop\ARQV2\LAB\Arq-lab\repositories\quantum-coverage-config-b-01\validation\runnability-logs,0,16,3,16,2,0,88,6820
Q-V6-CS-002,M6,PASS_CLEAN,PASS_CLEAN,PASS_CLEAN,"build:passed,smoke:passed,test:passed",1,1,0,0,0,0,0,0,0,0,0,0,none,all expected findings matched cleanly with no unexpected noise,False,0.9683873549419768,1,C:\Users\EnesPekdas\Desktop\ARQV2\LAB\Arq-lab\reports\generated-project-dossiers\Q-V6-CS-002.md,C:\Users\EnesPekdas\Desktop\ARQV2\LAB\Arq-lab\repositories\admin-integrations-csharp\validation\runnability-logs,9,0,2,11,0,0,126,4840
Q-V6-CS-003,M6,PASS_CLEAN,PASS_CLEAN,PASS_CLEAN,"build:passed,smoke:passed,test:passed",1,1,0,0,0,0,0,0,0,0,0,0,none,all expected findings matched cleanly with no unexpected noise,False,0.9668397922493008,1,C:\Users\EnesPekdas\Desktop\ARQV2\LAB\Arq-lab\reports\generated-project-dossiers\Q-V6-CS-003.md,C:\Users\EnesPekdas\Desktop\ARQV2\LAB\Arq-lab\repositories\tls-usage-csharp\validation\runnability-logs,10,0,2,12,0,0,132,4840
Q-V6-CS-004,M6,PASS_CLEAN,PASS_CLEAN,PASS_CLEAN,"build:passed,smoke:passed,test:passed",1,1,0,0,0,0,0,0,0,0,0,0,none,all expected findings matched cleanly with no unexpected noise,False,0.9681936387277456,1,C:\Users\EnesPekdas\Desktop\ARQV2\LAB\Arq-lab\reports\generated-project-dossiers\Q-V6-CS-004.md,C:\Users\EnesPekdas\Desktop\ARQV2\LAB\Arq-lab\repositories\tls-indirection-csharp\validation\runnability-logs,10,0,2,11,0,0,126,4840
Q-V6-TS-001,M6,PASS_CLEAN,PASS_CLEAN,PASS_CLEAN,"build:passed,smoke:passed,test:passed",2,2,0,0,0,0,0,0,0,0,0,0,none,all expected findings matched cleanly with no unexpected noise,False,0.486529955770004,1,C:\Users\EnesPekdas\Desktop\ARQV2\LAB\Arq-lab\reports\generated-project-dossiers\Q-V6-TS-001.md,C:\Users\EnesPekdas\Desktop\ARQV2\LAB\Arq-lab\repositories\customer-portal-node-tls\validation\runnability-logs,26,0,16,11,1,0,263,4840
Q-V6-TS-002,M6,PASS_CLEAN,PASS_CLEAN,PASS_CLEAN,"build:passed,smoke:passed,test:passed",1,1,0,0,0,0,0,0,0,0,0,0,none,all expected findings matched cleanly with no unexpected noise,False,0.48760830143058637,1,C:\Users\EnesPekdas\Desktop\ARQV2\LAB\Arq-lab\reports\generated-project-dossiers\Q-V6-TS-002.md,C:\Users\EnesPekdas\Desktop\ARQV2\LAB\Arq-lab\repositories\tls-wrapper-node\validation\runnability-logs,28,0,16,12,1,0,238,4840
Q-V6-TS-004,M6,PASS_CLEAN,PASS_CLEAN,PASS_CLEAN,"build:passed,smoke:passed,test:passed",1,1,0,0,0,0,0,0,0,0,0,0,none,all expected findings matched cleanly with no unexpected noise,False,0.48760830143058637,1,C:\Users\EnesPekdas\Desktop\ARQV2\LAB\Arq-lab\reports\generated-project-dossiers\Q-V6-TS-004.md,C:\Users\EnesPekdas\Desktop\ARQV2\LAB\Arq-lab\repositories\tls-compose-node\validation\runnability-logs,28,0,16,12,1,0,238,4840
